-- --------------------------------------------------------
-- Host:                         127.0.0.1
-- Server version:               10.4.11-MariaDB - mariadb.org binary distribution
-- Server OS:                    Win64
-- HeidiSQL Version:             9.5.0.5196
-- --------------------------------------------------------

/*!40101 SET @OLD_CHARACTER_SET_CLIENT=@@CHARACTER_SET_CLIENT */;
/*!40101 SET NAMES utf8 */;
/*!50503 SET NAMES utf8mb4 */;
/*!40014 SET @OLD_FOREIGN_KEY_CHECKS=@@FOREIGN_KEY_CHECKS, FOREIGN_KEY_CHECKS=0 */;
/*!40101 SET @OLD_SQL_MODE=@@SQL_MODE, SQL_MODE='NO_AUTO_VALUE_ON_ZERO' */;


-- Dumping database structure for axshhxmd_vms
CREATE DATABASE IF NOT EXISTS `axshhxmd_vms` /*!40100 DEFAULT CHARACTER SET utf8mb4 */;
USE `axshhxmd_vms`;

-- Dumping structure for table axshhxmd_vms.actions
CREATE TABLE IF NOT EXISTS `actions` (
  `id` int(11) NOT NULL AUTO_INCREMENT,
  `name` varchar(50) DEFAULT NULL,
  `desc` varchar(255) DEFAULT NULL,
  `deleted_at` datetime DEFAULT NULL,
  `deleted_by` varchar(100) DEFAULT NULL COMMENT 'username',
  `created_at` datetime DEFAULT NULL,
  `created_by` varchar(100) DEFAULT NULL COMMENT 'username',
  `updated_at` datetime DEFAULT NULL,
  `updated_by` varchar(100) DEFAULT NULL COMMENT 'username',
  PRIMARY KEY (`id`)
) ENGINE=InnoDB AUTO_INCREMENT=12 DEFAULT CHARSET=latin1;

-- Dumping data for table axshhxmd_vms.actions: ~11 rows (approximately)
DELETE FROM `actions`;
/*!40000 ALTER TABLE `actions` DISABLE KEYS */;
INSERT INTO `actions` (`id`, `name`, `desc`, `deleted_at`, `deleted_by`, `created_at`, `created_by`, `updated_at`, `updated_by`) VALUES
	(1, 'create', 'for creating', NULL, NULL, NULL, NULL, '2019-10-17 07:24:04', NULL),
	(2, 'read', 'for reading', NULL, NULL, NULL, NULL, '2019-10-17 07:54:43', NULL),
	(3, 'update', NULL, NULL, NULL, NULL, NULL, NULL, NULL),
	(4, 'delete', NULL, NULL, NULL, NULL, NULL, '2019-09-24 03:40:31', NULL),
	(5, 'approve', NULL, NULL, NULL, NULL, NULL, NULL, NULL),
	(6, 'approve2', NULL, NULL, NULL, '2019-09-25 09:10:11', NULL, '2019-09-25 09:13:35', NULL),
	(7, 'access', NULL, NULL, NULL, '2019-09-27 04:16:08', NULL, '2019-09-27 04:16:08', NULL),
	(8, 'edit', NULL, NULL, NULL, '2019-10-07 07:05:13', NULL, '2019-10-07 07:05:13', NULL),
	(9, 'download', NULL, NULL, NULL, '2019-11-05 14:56:05', 'superuser', '2019-11-05 14:56:05', NULL),
	(10, 'detail', 'view detail', NULL, NULL, '2019-11-20 22:21:17', 'superuser', '2019-11-20 22:23:23', 'superuser'),
	(11, 'deletefile', 'For deleting uploaded file', NULL, NULL, '2019-12-21 18:25:22', 'superuser', '2019-12-21 18:25:22', NULL);
/*!40000 ALTER TABLE `actions` ENABLE KEYS */;

-- Dumping structure for table axshhxmd_vms.divisions
CREATE TABLE IF NOT EXISTS `divisions` (
  `id` int(11) NOT NULL AUTO_INCREMENT,
  `name` varchar(50) DEFAULT NULL,
  `desc` varchar(255) DEFAULT NULL,
  `deleted_at` datetime DEFAULT NULL,
  `deleted_by` varchar(100) DEFAULT NULL COMMENT 'username',
  `created_at` datetime DEFAULT NULL,
  `created_by` varchar(100) DEFAULT NULL COMMENT 'username',
  `updated_at` datetime DEFAULT NULL,
  `updated_by` varchar(100) DEFAULT NULL COMMENT 'username',
  PRIMARY KEY (`id`)
) ENGINE=InnoDB AUTO_INCREMENT=6 DEFAULT CHARSET=latin1;

-- Dumping data for table axshhxmd_vms.divisions: ~5 rows (approximately)
DELETE FROM `divisions`;
/*!40000 ALTER TABLE `divisions` DISABLE KEYS */;
INSERT INTO `divisions` (`id`, `name`, `desc`, `deleted_at`, `deleted_by`, `created_at`, `created_by`, `updated_at`, `updated_by`) VALUES
	(1, 'Geology', 'Divisi geology', NULL, NULL, '2019-09-25 06:15:51', NULL, '2019-09-25 06:16:22', NULL),
	(2, 'Division 1', NULL, NULL, NULL, '2019-09-25 08:22:46', NULL, '2019-10-17 08:30:40', NULL),
	(3, 'Division 2', NULL, NULL, NULL, '2019-09-25 08:41:37', NULL, '2019-10-17 08:30:48', NULL),
	(4, 'Division 3', NULL, NULL, NULL, '2019-09-25 08:41:45', NULL, '2019-10-17 08:30:56', NULL),
	(5, 'Admin', NULL, NULL, NULL, '2019-10-02 06:41:40', NULL, '2019-10-17 08:31:04', NULL);
/*!40000 ALTER TABLE `divisions` ENABLE KEYS */;

-- Dumping structure for table axshhxmd_vms.gp_meq_velocity_type
CREATE TABLE IF NOT EXISTS `gp_meq_velocity_type` (
  `id` int(11) NOT NULL AUTO_INCREMENT,
  `name` varchar(50) DEFAULT NULL,
  `deleted_at` datetime DEFAULT NULL,
  `deleted_by` varchar(100) DEFAULT NULL COMMENT 'username',
  `created_at` datetime DEFAULT NULL,
  `created_by` varchar(100) DEFAULT NULL COMMENT 'username',
  `updated_at` datetime DEFAULT NULL,
  `updated_by` varchar(100) DEFAULT NULL COMMENT 'username',
  PRIMARY KEY (`id`)
) ENGINE=InnoDB AUTO_INCREMENT=4 DEFAULT CHARSET=latin1;

-- Dumping data for table axshhxmd_vms.gp_meq_velocity_type: ~0 rows (approximately)
DELETE FROM `gp_meq_velocity_type`;
/*!40000 ALTER TABLE `gp_meq_velocity_type` DISABLE KEYS */;
/*!40000 ALTER TABLE `gp_meq_velocity_type` ENABLE KEYS */;

-- Dumping structure for table axshhxmd_vms.hardware_info
CREATE TABLE IF NOT EXISTS `hardware_info` (
  `id` int(11) NOT NULL AUTO_INCREMENT,
  `name` varchar(50) NOT NULL DEFAULT '0',
  `id_hardware_type` varchar(50) DEFAULT NULL,
  `folder` varchar(255) DEFAULT NULL,
  `list_ip` varchar(50) NOT NULL DEFAULT '0',
  `aktif` bit(1) DEFAULT b'0',
  `floor` int(11) DEFAULT 0,
  `created_at` datetime DEFAULT NULL,
  `deleted_at` datetime DEFAULT NULL,
  `created_by` varchar(50) DEFAULT '0',
  `deleted_by` varchar(50) DEFAULT '0',
  `updated_at` datetime DEFAULT NULL,
  `updated_by` varchar(50) DEFAULT NULL,
  PRIMARY KEY (`id`)
) ENGINE=InnoDB AUTO_INCREMENT=5 DEFAULT CHARSET=utf8mb4;

-- Dumping data for table axshhxmd_vms.hardware_info: ~3 rows (approximately)
DELETE FROM `hardware_info`;
/*!40000 ALTER TABLE `hardware_info` DISABLE KEYS */;
INSERT INTO `hardware_info` (`id`, `name`, `id_hardware_type`, `folder`, `list_ip`, `aktif`, `floor`, `created_at`, `deleted_at`, `created_by`, `deleted_by`, `updated_at`, `updated_by`) VALUES
	(1, 'VALCO1', '3', NULL, '127.0.0.1:81', b'1', 12, '2020-03-04 10:03:52', NULL, NULL, '0', '2020-05-14 01:16:34', NULL),
	(2, 'ENTRYPASS1', '2', 'D:\\entrypassupload\\', '127.0.0.1', b'1', 0, '2020-05-05 01:56:26', NULL, NULL, '0', '2020-05-13 20:23:33', NULL),
	(4, 'MATRIX1', '1', NULL, '192.168.50.50', b'0', 0, '2020-05-12 01:29:27', NULL, NULL, '0', '2020-05-13 20:22:26', NULL);
/*!40000 ALTER TABLE `hardware_info` ENABLE KEYS */;

-- Dumping structure for table axshhxmd_vms.hardware_type
CREATE TABLE IF NOT EXISTS `hardware_type` (
  `id` int(11) NOT NULL AUTO_INCREMENT,
  `name` varchar(50) DEFAULT '0',
  `created_at` datetime DEFAULT NULL,
  `created_by` varchar(50) DEFAULT NULL,
  `deleted_at` datetime DEFAULT NULL,
  `deleted_by` varchar(50) DEFAULT NULL,
  PRIMARY KEY (`id`)
) ENGINE=InnoDB AUTO_INCREMENT=4 DEFAULT CHARSET=utf8mb4;

-- Dumping data for table axshhxmd_vms.hardware_type: ~2 rows (approximately)
DELETE FROM `hardware_type`;
/*!40000 ALTER TABLE `hardware_type` DISABLE KEYS */;
INSERT INTO `hardware_type` (`id`, `name`, `created_at`, `created_by`, `deleted_at`, `deleted_by`) VALUES
	(1, 'matrix', NULL, NULL, NULL, NULL),
	(2, 'entrypass', NULL, NULL, NULL, NULL),
	(3, 'falco', NULL, NULL, NULL, NULL);
/*!40000 ALTER TABLE `hardware_type` ENABLE KEYS */;

-- Dumping structure for table axshhxmd_vms.menus
CREATE TABLE IF NOT EXISTS `menus` (
  `id` int(11) NOT NULL AUTO_INCREMENT,
  `label` varchar(50) NOT NULL,
  `link` varchar(100) NOT NULL,
  `parent` int(11) NOT NULL DEFAULT 0,
  `sort` int(11) DEFAULT NULL,
  `deleted_at` datetime DEFAULT NULL,
  `deleted_by` varchar(100) DEFAULT NULL COMMENT 'username',
  `created_at` datetime DEFAULT NULL,
  `created_by` varchar(100) DEFAULT NULL COMMENT 'username',
  `updated_at` datetime DEFAULT NULL,
  `updated_by` varchar(100) DEFAULT NULL COMMENT 'username',
  PRIMARY KEY (`id`)
) ENGINE=InnoDB AUTO_INCREMENT=17 DEFAULT CHARSET=latin1;

-- Dumping data for table axshhxmd_vms.menus: ~16 rows (approximately)
DELETE FROM `menus`;
/*!40000 ALTER TABLE `menus` DISABLE KEYS */;
INSERT INTO `menus` (`id`, `label`, `link`, `parent`, `sort`, `deleted_at`, `deleted_by`, `created_at`, `created_by`, `updated_at`, `updated_by`) VALUES
	(1, 'PHP', '#', 0, 0, NULL, NULL, NULL, NULL, NULL, NULL),
	(2, 'Tutorials', '#', 1, NULL, NULL, NULL, NULL, NULL, NULL, NULL),
	(3, 'Scripts', '#', 1, NULL, NULL, NULL, NULL, NULL, NULL, NULL),
	(4, 'Arrays', '#', 2, NULL, NULL, NULL, NULL, NULL, NULL, NULL),
	(5, 'Operators', '#', 2, NULL, NULL, NULL, NULL, NULL, NULL, NULL),
	(6, 'Arithmetic operators', '#', 5, NULL, NULL, NULL, NULL, NULL, NULL, NULL),
	(7, 'Assignment operators', '$', 5, NULL, NULL, NULL, NULL, NULL, NULL, NULL),
	(8, 'Java', '#', 0, NULL, NULL, NULL, NULL, NULL, NULL, NULL),
	(9, 'Tutorials', '', 8, NULL, NULL, NULL, NULL, NULL, NULL, NULL),
	(10, 'Programs', '', 8, NULL, NULL, NULL, NULL, NULL, NULL, NULL),
	(11, 'JavaScript', '#', 0, NULL, NULL, NULL, NULL, NULL, NULL, NULL),
	(12, 'MySQL', '#', 0, NULL, NULL, NULL, NULL, NULL, NULL, NULL),
	(13, 'CSS', '', 0, NULL, NULL, NULL, NULL, NULL, NULL, NULL),
	(14, 'Tutorials', '', 13, NULL, NULL, NULL, NULL, NULL, NULL, NULL),
	(15, 'Servlet', '', 9, NULL, NULL, NULL, NULL, NULL, NULL, NULL),
	(16, 'JSP', '', 9, NULL, NULL, NULL, NULL, NULL, NULL, NULL);
/*!40000 ALTER TABLE `menus` ENABLE KEYS */;

-- Dumping structure for table axshhxmd_vms.migrations
CREATE TABLE IF NOT EXISTS `migrations` (
  `id` int(10) unsigned NOT NULL AUTO_INCREMENT,
  `migration` varchar(255) COLLATE utf8mb4_unicode_ci NOT NULL,
  `batch` int(11) NOT NULL,
  PRIMARY KEY (`id`)
) ENGINE=InnoDB DEFAULT CHARSET=utf8mb4 COLLATE=utf8mb4_unicode_ci;

-- Dumping data for table axshhxmd_vms.migrations: ~0 rows (approximately)
DELETE FROM `migrations`;
/*!40000 ALTER TABLE `migrations` DISABLE KEYS */;
/*!40000 ALTER TABLE `migrations` ENABLE KEYS */;

-- Dumping structure for table axshhxmd_vms.modules
CREATE TABLE IF NOT EXISTS `modules` (
  `id` int(11) NOT NULL AUTO_INCREMENT,
  `name` varchar(50) DEFAULT NULL,
  `desc` varchar(255) DEFAULT NULL,
  `deleted_at` datetime DEFAULT NULL,
  `deleted_by` varchar(100) DEFAULT NULL COMMENT 'username',
  `created_at` datetime DEFAULT NULL,
  `created_by` varchar(100) DEFAULT NULL COMMENT 'username',
  `updated_at` datetime DEFAULT NULL,
  `updated_by` varchar(100) DEFAULT NULL COMMENT 'username',
  PRIMARY KEY (`id`)
) ENGINE=InnoDB AUTO_INCREMENT=91 DEFAULT CHARSET=latin1;

-- Dumping data for table axshhxmd_vms.modules: ~89 rows (approximately)
DELETE FROM `modules`;
/*!40000 ALTER TABLE `modules` DISABLE KEYS */;
INSERT INTO `modules` (`id`, `name`, `desc`, `deleted_at`, `deleted_by`, `created_at`, `created_by`, `updated_at`, `updated_by`) VALUES
	(1, 'action', 'module of action', NULL, NULL, NULL, NULL, '2019-10-17 08:44:48', NULL),
	(2, 'module', NULL, NULL, NULL, NULL, NULL, NULL, NULL),
	(3, 'user', 'module of user', NULL, NULL, NULL, NULL, '2019-09-25 06:23:41', NULL),
	(4, 'uprivilege', NULL, NULL, NULL, NULL, NULL, NULL, NULL),
	(5, 'rprivilege', NULL, NULL, NULL, NULL, NULL, NULL, NULL),
	(6, 'division', NULL, NULL, NULL, NULL, NULL, NULL, NULL),
	(7, 'role', NULL, NULL, NULL, NULL, NULL, NULL, NULL),
	(8, 'rolediv', NULL, NULL, NULL, NULL, NULL, NULL, NULL),
	(9, 'rms', 'module RMS', NULL, NULL, '2019-09-27 04:16:01', NULL, '2019-09-27 04:16:01', NULL),
	(10, 'well', NULL, NULL, NULL, '2019-10-07 07:43:01', NULL, '2019-10-07 07:43:01', NULL),
	(11, 'setting', NULL, NULL, NULL, '2019-10-09 16:15:40', NULL, '2019-10-09 16:15:40', NULL),
	(12, 'powerplant', NULL, NULL, NULL, '2019-10-09 16:18:01', NULL, '2019-10-09 16:18:01', NULL),
	(13, 'geology', NULL, NULL, NULL, '2019-10-09 16:19:35', NULL, '2019-10-09 16:19:35', NULL),
	(14, 'geophysics', NULL, NULL, NULL, '2019-10-09 16:20:00', NULL, '2019-10-09 16:20:00', NULL),
	(15, 'geochemistry', NULL, NULL, NULL, '2019-10-09 16:20:09', NULL, '2019-10-09 16:20:09', NULL),
	(16, 'reservoir', NULL, NULL, NULL, '2019-10-09 16:20:16', NULL, '2019-10-09 16:20:16', NULL),
	(17, 'position', 'role - division module', NULL, NULL, '2019-10-21 07:30:29', NULL, '2019-10-21 07:30:29', NULL),
	(18, 'gcsamplingwell', 'gc -> main data -> well sampling data', NULL, NULL, '2019-10-22 07:15:38', NULL, '2019-10-22 08:13:08', NULL),
	(19, 'gcsamplingsf', 'gc -> main data -> sf sampling data', NULL, NULL, '2019-10-22 08:35:52', NULL, '2019-10-22 08:35:52', NULL),
	(20, 'gcncgwell', NULL, NULL, NULL, '2019-10-24 04:47:37', NULL, '2019-10-24 04:47:37', NULL),
	(21, 'gcncgsf', NULL, NULL, NULL, '2019-10-24 04:47:45', NULL, '2019-10-24 04:47:45', NULL),
	(22, 'gcbrinewell', NULL, NULL, NULL, '2019-10-24 06:07:46', 'superuser', '2019-10-24 06:07:46', NULL),
	(23, 'gcbrinesf', NULL, NULL, NULL, '2019-10-24 06:07:54', 'superuser', '2019-10-24 06:07:54', NULL),
	(24, 'gccondensatewell', NULL, NULL, NULL, '2019-10-24 08:15:49', 'superuser', '2019-10-24 08:15:49', NULL),
	(25, 'gccondensatesf', NULL, NULL, NULL, '2019-10-24 08:15:56', 'superuser', '2019-10-24 08:15:56', NULL),
	(26, 'gcweirboxwell', NULL, NULL, NULL, '2019-10-24 09:11:50', 'superuser', '2019-10-24 09:11:50', NULL),
	(27, 'gcweirboxsf', NULL, NULL, NULL, '2019-10-24 09:11:55', 'superuser', '2019-10-24 09:11:55', NULL),
	(28, 'gcisotopewell', NULL, NULL, NULL, '2019-10-25 03:48:20', 'superuser', '2019-10-25 03:48:20', NULL),
	(29, 'gcisotopesf', NULL, NULL, NULL, '2019-10-25 03:48:25', 'superuser', '2019-10-25 03:48:25', NULL),
	(30, 'gcweeklywell', NULL, NULL, NULL, '2019-10-25 06:32:32', 'superuser', '2019-10-25 06:32:32', NULL),
	(31, 'gcsfmonitor', NULL, NULL, NULL, '2019-10-25 06:32:39', 'superuser', '2019-10-25 06:32:39', NULL),
	(32, 'gcsteam', NULL, NULL, NULL, '2019-10-25 07:19:28', 'superuser', '2019-10-25 07:19:28', NULL),
	(33, 'gccorrosioncoupon', NULL, NULL, NULL, '2019-10-25 07:40:08', 'superuser', '2019-10-25 07:40:08', NULL),
	(34, 'gcmineralsat', NULL, NULL, NULL, '2019-10-27 12:17:11', 'superuser', '2019-10-27 12:17:11', NULL),
	(35, 'gpmtstation', NULL, NULL, NULL, '2019-10-29 15:43:40', 'superuser', '2019-10-29 15:43:40', NULL),
	(36, 'gpmtstationdetail', NULL, NULL, NULL, '2019-10-29 16:15:06', 'superuser', '2019-10-29 16:15:06', NULL),
	(37, 'gpmtproject', NULL, NULL, NULL, '2019-11-02 07:28:31', 'superuser', '2019-11-02 07:28:31', NULL),
	(38, 'gcionbalancewell', NULL, NULL, NULL, '2019-11-04 12:10:41', 'superuser', '2019-11-04 12:10:41', NULL),
	(39, 'gcionbalancesf', NULL, NULL, NULL, '2019-11-04 12:10:48', 'superuser', '2019-11-04 12:10:48', NULL),
	(40, 'gcrsvcondt', 'gc reservoir condition', NULL, NULL, '2019-11-13 11:54:21', 'superuser', '2019-11-13 11:54:21', NULL),
	(41, 'gpmtreport', NULL, NULL, NULL, '2019-11-14 11:05:49', 'superuser', '2019-11-14 11:05:49', NULL),
	(42, 'gpmtrescs', NULL, NULL, NULL, '2019-11-14 14:19:56', 'superuser', '2019-11-14 14:19:56', NULL),
	(43, 'gpmtresmp', NULL, NULL, NULL, '2019-11-14 14:20:01', 'superuser', '2019-11-14 14:20:01', NULL),
	(44, 'gpmgreport', NULL, NULL, NULL, '2019-11-15 11:29:15', 'superuser', '2019-11-15 11:29:15', NULL),
	(45, 'gpmgbench', NULL, NULL, NULL, '2019-11-18 16:00:24', 'superuser', '2019-11-18 16:00:24', NULL),
	(46, 'gpmgbenchdetail', NULL, NULL, NULL, '2019-11-18 18:49:34', 'superuser', '2019-11-18 18:49:34', NULL),
	(47, 'gpmgcalib', NULL, NULL, NULL, '2019-11-19 13:35:06', 'superuser', '2019-11-19 13:35:06', NULL),
	(48, 'gpmgcalibdetail', NULL, NULL, NULL, '2019-11-19 14:05:01', 'superuser', '2019-11-19 14:05:01', NULL),
	(49, 'gpmgacq', NULL, NULL, NULL, '2019-11-19 14:55:55', 'superuser', '2019-11-19 14:56:19', 'superuser'),
	(50, 'gpmgacqdetail', NULL, NULL, NULL, '2019-11-19 14:56:10', 'superuser', '2019-11-19 14:56:10', NULL),
	(51, 'gpmglevel', NULL, NULL, NULL, '2019-11-20 17:53:30', 'superuser', '2019-11-20 17:53:30', NULL),
	(52, 'gpmgleveldetail', NULL, NULL, NULL, '2019-11-20 17:53:38', 'superuser', '2019-11-20 17:53:38', NULL),
	(53, 'gpmeqreport', NULL, NULL, NULL, '2019-11-20 20:50:55', 'superuser', '2019-11-20 20:50:55', NULL),
	(54, 'gpmeqstation', NULL, NULL, NULL, '2019-11-20 21:02:01', 'superuser', '2019-11-20 21:02:01', NULL),
	(55, 'gpmeqevent', NULL, NULL, NULL, '2019-11-23 18:11:59', 'superuser', '2019-11-23 18:11:59', NULL),
	(56, 'gpmeqeventdetail', NULL, NULL, NULL, '2019-11-23 18:12:05', 'superuser', '2019-11-23 18:12:19', 'superuser'),
	(57, 'glmapping', NULL, NULL, NULL, '2019-11-26 12:26:28', 'superuser', '2019-11-27 00:01:08', 'superuser'),
	(58, 'gpmeqvelocity', NULL, NULL, NULL, '2019-11-26 16:01:00', 'superuser', '2019-11-26 16:01:00', NULL),
	(59, 'gpmgprocess', NULL, NULL, NULL, '2019-11-26 22:06:23', 'superuser', '2019-11-26 22:06:23', NULL),
	(60, 'gpmgprocessdetail', NULL, NULL, NULL, '2019-11-26 22:06:29', 'superuser', '2019-11-26 22:06:29', NULL),
	(61, 'glmappingstation', NULL, NULL, NULL, '2019-11-26 23:08:17', 'superuser', '2019-12-17 13:59:24', 'superuser'),
	(62, 'glmappinganalysis', NULL, NULL, NULL, '2019-11-27 12:09:22', 'superuser', '2019-11-27 12:09:22', NULL),
	(63, 'glmappingreportmap', NULL, NULL, NULL, '2019-11-27 12:09:39', 'superuser', '2019-11-27 12:09:39', NULL),
	(64, 'glhazard', NULL, NULL, NULL, '2019-11-27 14:14:27', 'superuser', '2019-11-27 14:14:27', NULL),
	(65, 'glhazardanalysis', NULL, NULL, NULL, '2019-11-27 14:14:35', 'superuser', '2019-11-27 14:14:35', NULL),
	(66, 'glhazardreportmap', NULL, NULL, NULL, '2019-11-27 14:14:43', 'superuser', '2019-11-27 14:14:43', NULL),
	(67, 'welldirsurvey', NULL, NULL, NULL, '2019-11-28 09:42:40', 'superuser', '2019-11-28 09:42:40', NULL),
	(68, 'wellreportdaily', NULL, NULL, NULL, '2019-11-28 11:36:42', 'superuser', '2019-11-28 11:36:42', NULL),
	(69, 'wellreportnondaily', NULL, NULL, NULL, '2019-11-28 11:36:50', 'superuser', '2019-11-28 11:36:50', NULL),
	(70, 'wellreportwsgmorning', NULL, NULL, NULL, '2019-11-28 11:45:00', 'superuser', '2019-11-28 11:45:00', NULL),
	(71, 'welldatalogging', NULL, NULL, NULL, '2019-11-28 19:02:16', 'superuser', '2019-11-28 19:02:16', NULL),
	(72, 'welldatacoring', NULL, NULL, NULL, '2019-11-28 19:02:22', 'superuser', '2019-11-28 19:21:21', 'superuser'),
	(73, 'wellanalysiscutting', NULL, NULL, NULL, '2019-11-28 23:42:20', 'superuser', '2019-11-28 23:42:20', NULL),
	(74, 'wellanalysislogging', NULL, NULL, NULL, '2019-11-28 23:42:27', 'superuser', '2019-11-28 23:42:27', NULL),
	(75, 'wellanalysiscoring', NULL, NULL, NULL, '2019-11-28 23:42:34', 'superuser', '2019-11-28 23:42:34', NULL),
	(76, 'resmdailywell', NULL, NULL, NULL, '2019-12-03 12:00:31', 'superuser', '2019-12-03 12:02:25', 'superuser'),
	(77, 'resmdailysf', NULL, NULL, NULL, '2019-12-03 12:00:38', 'superuser', '2019-12-03 12:02:33', NULL),
	(78, 'resmprodtest', NULL, NULL, NULL, '2019-12-09 11:33:09', 'superuser', '2019-12-09 11:37:08', 'superuser'),
	(79, 'resminjtest', NULL, NULL, NULL, '2019-12-09 11:33:18', 'superuser', '2019-12-09 11:37:21', 'superuser'),
	(80, 'resmprodtestdata', NULL, NULL, NULL, '2019-12-10 12:25:49', 'superuser', '2019-12-10 13:17:04', 'superuser'),
	(81, 'resminjtestdata', NULL, NULL, NULL, '2019-12-10 12:25:59', 'superuser', '2019-12-10 13:17:15', 'superuser'),
	(82, 'resmprodtesthistory', NULL, NULL, NULL, '2019-12-11 19:11:54', 'superuser', '2019-12-11 19:11:54', NULL),
	(83, 'resminjtesthistory', NULL, NULL, NULL, '2019-12-11 19:12:04', 'superuser', '2019-12-11 19:12:04', NULL),
	(85, 'redhpdata', NULL, NULL, NULL, '2019-12-12 10:29:49', 'superuser', '2019-12-12 10:29:49', NULL),
	(86, 'relmanalysis', NULL, NULL, NULL, '2019-12-12 11:17:19', 'superuser', '2019-12-12 11:17:19', NULL),
	(87, 'gl', NULL, NULL, NULL, '2019-12-12 12:01:35', 'superuser', '2019-12-12 12:01:35', NULL),
	(88, 'gp', NULL, NULL, NULL, '2019-12-12 12:01:56', 'superuser', '2019-12-12 12:01:56', NULL),
	(89, 'gc', NULL, NULL, NULL, '2019-12-12 12:02:05', 'superuser', '2019-12-12 12:02:05', NULL),
	(90, 're', NULL, NULL, NULL, '2019-12-12 12:02:13', 'superuser', '2019-12-12 12:02:13', NULL);
/*!40000 ALTER TABLE `modules` ENABLE KEYS */;

-- Dumping structure for table axshhxmd_vms.notification
CREATE TABLE IF NOT EXISTS `notification` (
  `id` int(11) NOT NULL AUTO_INCREMENT,
  `from` int(11) DEFAULT NULL,
  `date` timestamp NOT NULL DEFAULT current_timestamp(),
  `target` int(11) DEFAULT NULL,
  `content` text DEFAULT NULL,
  `link` varchar(250) DEFAULT NULL,
  `read` datetime DEFAULT NULL,
  `deleted_at` datetime DEFAULT NULL,
  `deleted_by` varchar(100) DEFAULT NULL COMMENT 'username',
  `created_at` datetime DEFAULT NULL,
  `created_by` varchar(100) DEFAULT NULL COMMENT 'username',
  `updated_at` datetime DEFAULT NULL,
  `updated_by` varchar(100) DEFAULT NULL COMMENT 'username',
  PRIMARY KEY (`id`)
) ENGINE=InnoDB AUTO_INCREMENT=31 DEFAULT CHARSET=latin1;

-- Dumping data for table axshhxmd_vms.notification: ~17 rows (approximately)
DELETE FROM `notification`;
/*!40000 ALTER TABLE `notification` DISABLE KEYS */;
INSERT INTO `notification` (`id`, `from`, `date`, `target`, `content`, `link`, `read`, `deleted_at`, `deleted_by`, `created_at`, `created_by`, `updated_at`, `updated_by`) VALUES
	(14, 1, '2019-12-02 00:07:11', 1, 'new Data Upload', 'GG UI', '2019-12-19 11:49:04', NULL, NULL, '2019-12-02 00:07:11', NULL, '2019-12-19 11:49:04', NULL),
	(15, 1, '2019-12-02 09:31:03', 1, 'new Data Upload', 'GG UI', NULL, NULL, NULL, '2019-12-02 09:31:03', NULL, '2019-12-02 22:43:34', NULL),
	(16, 1, '2020-02-02 14:54:36', 3, 'new Data Upload', 'GG UI', NULL, NULL, NULL, '2020-02-02 14:54:36', NULL, '2020-02-02 14:54:36', NULL),
	(17, 1, '2020-02-05 11:08:42', 3, 'new Data Upload', 'GG UI', NULL, NULL, NULL, '2020-02-05 11:08:42', NULL, '2020-02-05 11:08:42', NULL),
	(18, 1, '2020-02-05 13:29:02', 3, 'new Data Upload', 'GG UI', NULL, NULL, NULL, '2020-02-05 13:29:02', NULL, '2020-02-05 13:29:02', NULL),
	(19, 1, '2020-02-05 14:27:05', 3, 'new Data Upload', 'GG UI', NULL, NULL, NULL, '2020-02-05 14:27:05', NULL, '2020-02-05 14:27:05', NULL),
	(20, 1, '2020-02-12 05:40:46', 3, 'new Data Upload', 'GG UI', NULL, NULL, NULL, '2020-02-12 05:40:46', NULL, '2020-02-12 05:40:46', NULL),
	(21, 1, '2020-02-12 05:42:34', 3, 'new Data Upload', 'GG UI', NULL, NULL, NULL, '2020-02-12 05:42:34', NULL, '2020-02-12 05:42:34', NULL),
	(22, 1, '2020-02-12 10:12:45', 3, 'new Data Upload', 'GG UI', NULL, NULL, NULL, '2020-02-12 10:12:45', NULL, '2020-02-12 10:12:45', NULL),
	(23, 1, '2020-02-12 11:11:12', 3, 'new Data Upload', 'GG UI', NULL, NULL, NULL, '2020-02-12 11:11:12', NULL, '2020-02-12 11:11:12', NULL),
	(24, 1, '2020-02-12 11:59:45', 3, 'new Data Upload', 'GG UI', NULL, NULL, NULL, '2020-02-12 11:59:45', NULL, '2020-02-12 11:59:45', NULL),
	(25, 1, '2020-02-12 13:56:41', 3, 'new Data Upload', 'GG UI', NULL, NULL, NULL, '2020-02-12 13:56:41', NULL, '2020-02-12 13:56:41', NULL),
	(26, 1, '2020-02-12 13:58:54', 3, 'new Data Upload', 'GG UI', NULL, NULL, NULL, '2020-02-12 13:58:54', NULL, '2020-02-12 13:58:54', NULL),
	(27, 1, '2020-02-12 14:01:29', 3, 'new Data Upload', 'GG UI', NULL, NULL, NULL, '2020-02-12 14:01:29', NULL, '2020-02-12 14:01:29', NULL),
	(28, 1, '2020-02-12 14:04:20', 3, 'new Data Upload', 'GG UI', NULL, NULL, NULL, '2020-02-12 14:04:20', NULL, '2020-02-12 14:04:20', NULL),
	(29, 1, '2020-02-12 14:06:03', 3, 'new Data Upload', 'GG UI', NULL, NULL, NULL, '2020-02-12 14:06:03', NULL, '2020-02-12 14:06:03', NULL),
	(30, 1, '2020-02-12 14:12:56', 3, 'new Data Upload', 'GG UI', NULL, NULL, NULL, '2020-02-12 14:12:56', NULL, '2020-02-12 14:12:56', NULL);
/*!40000 ALTER TABLE `notification` ENABLE KEYS */;

-- Dumping structure for table axshhxmd_vms.roles
CREATE TABLE IF NOT EXISTS `roles` (
  `id` int(11) NOT NULL AUTO_INCREMENT,
  `name` varchar(50) DEFAULT NULL,
  `desc` varchar(255) DEFAULT NULL,
  `deleted_at` datetime DEFAULT NULL,
  `deleted_by` varchar(100) DEFAULT NULL COMMENT 'username',
  `created_at` datetime DEFAULT NULL,
  `created_by` varchar(100) DEFAULT NULL COMMENT 'username',
  `updated_at` datetime DEFAULT NULL,
  `updated_by` varchar(100) DEFAULT NULL COMMENT 'username',
  PRIMARY KEY (`id`)
) ENGINE=InnoDB AUTO_INCREMENT=5 DEFAULT CHARSET=latin1;

-- Dumping data for table axshhxmd_vms.roles: ~4 rows (approximately)
DELETE FROM `roles`;
/*!40000 ALTER TABLE `roles` DISABLE KEYS */;
INSERT INTO `roles` (`id`, `name`, `desc`, `deleted_at`, `deleted_by`, `created_at`, `created_by`, `updated_at`, `updated_by`) VALUES
	(1, 'Staff', 'role of staff', NULL, NULL, '2019-09-25 06:28:34', NULL, '2019-09-25 06:28:45', NULL),
	(2, 'Manager', 'role of manager', NULL, NULL, NULL, NULL, NULL, NULL),
	(4, 'Admin', 'role of admin', NULL, NULL, '2019-10-02 06:41:47', NULL, '2019-10-17 08:40:55', NULL);
/*!40000 ALTER TABLE `roles` ENABLE KEYS */;

-- Dumping structure for table axshhxmd_vms.roles_divisions
CREATE TABLE IF NOT EXISTS `roles_divisions` (
  `id` int(11) NOT NULL AUTO_INCREMENT,
  `id_roles_divisions_parent` int(11) DEFAULT NULL,
  `id_roles` int(11) DEFAULT NULL,
  `id_divisions` int(11) DEFAULT NULL,
  `name` varchar(100) DEFAULT NULL,
  `deleted_at` datetime DEFAULT NULL,
  `deleted_by` varchar(100) DEFAULT NULL COMMENT 'username',
  `created_at` datetime DEFAULT NULL,
  `created_by` varchar(100) DEFAULT NULL COMMENT 'username',
  `updated_at` datetime DEFAULT NULL,
  `updated_by` varchar(100) DEFAULT NULL COMMENT 'username',
  PRIMARY KEY (`id`)
) ENGINE=InnoDB AUTO_INCREMENT=9 DEFAULT CHARSET=latin1 COMMENT='roles of divisions';

-- Dumping data for table axshhxmd_vms.roles_divisions: ~7 rows (approximately)
DELETE FROM `roles_divisions`;
/*!40000 ALTER TABLE `roles_divisions` DISABLE KEYS */;
INSERT INTO `roles_divisions` (`id`, `id_roles_divisions_parent`, `id_roles`, `id_divisions`, `name`, `deleted_at`, `deleted_by`, `created_at`, `created_by`, `updated_at`, `updated_by`) VALUES
	(1, 8, 2, 2, 'Manager Division 1', NULL, NULL, NULL, NULL, '2019-12-01 23:40:59', 'superuser'),
	(2, 8, 1, 1, 'Staff Geology', NULL, NULL, NULL, NULL, '2019-12-01 22:25:28', 'superuser'),
	(4, 8, 1, 4, 'Staff Division 3', NULL, NULL, '2019-09-25 08:47:56', NULL, '2019-12-01 23:41:17', 'superuser'),
	(5, NULL, 1, 3, NULL, '2019-09-27 09:14:05', NULL, '2019-09-25 08:49:51', NULL, '2019-09-27 09:14:05', NULL),
	(6, 8, 1, 2, 'Staff Division 1', NULL, NULL, '2019-09-27 09:00:50', NULL, '2019-12-01 23:41:23', 'superuser'),
	(7, 8, 4, 5, 'Admin Admin', NULL, NULL, '2019-10-02 06:41:56', NULL, '2019-12-01 23:41:29', 'superuser'),
	(8, 8, 2, 1, 'Manager Geology', NULL, NULL, '2019-12-01 20:57:59', 'superuser', '2019-12-01 23:41:35', 'superuser');
/*!40000 ALTER TABLE `roles_divisions` ENABLE KEYS */;

-- Dumping structure for table axshhxmd_vms.roles_privileges
CREATE TABLE IF NOT EXISTS `roles_privileges` (
  `id` int(11) NOT NULL AUTO_INCREMENT,
  `id_roles_divisions` int(11) DEFAULT NULL,
  `id_modules` int(11) DEFAULT NULL,
  `id_actions` int(11) DEFAULT NULL,
  `deleted_at` datetime DEFAULT NULL,
  `deleted_by` varchar(100) DEFAULT NULL COMMENT 'username',
  `created_at` datetime DEFAULT NULL,
  `created_by` varchar(100) DEFAULT NULL COMMENT 'username',
  `updated_at` datetime DEFAULT NULL,
  `updated_by` varchar(100) DEFAULT NULL COMMENT 'username',
  PRIMARY KEY (`id`)
) ENGINE=InnoDB AUTO_INCREMENT=82 DEFAULT CHARSET=latin1 COMMENT='privileges of roles';

-- Dumping data for table axshhxmd_vms.roles_privileges: ~64 rows (approximately)
DELETE FROM `roles_privileges`;
/*!40000 ALTER TABLE `roles_privileges` DISABLE KEYS */;
INSERT INTO `roles_privileges` (`id`, `id_roles_divisions`, `id_modules`, `id_actions`, `deleted_at`, `deleted_by`, `created_at`, `created_by`, `updated_at`, `updated_by`) VALUES
	(7, 6, 1, 1, NULL, NULL, '2019-09-27 09:11:48', NULL, '2019-09-27 09:11:48', NULL),
	(8, 6, 1, 2, NULL, NULL, '2019-09-27 09:11:48', NULL, '2019-09-27 09:11:48', NULL),
	(9, 6, 2, 1, NULL, NULL, '2019-09-27 09:11:48', NULL, '2019-09-27 09:11:48', NULL),
	(10, 6, 2, 2, NULL, NULL, '2019-09-27 09:11:48', NULL, '2019-09-27 09:11:48', NULL),
	(17, 2, 1, 1, NULL, NULL, '2019-09-30 04:05:20', NULL, '2019-09-30 04:05:20', NULL),
	(18, 2, 1, 2, NULL, NULL, '2019-09-30 04:05:20', NULL, '2019-09-30 04:05:20', NULL),
	(19, 2, 2, 1, NULL, NULL, '2019-09-30 04:05:20', NULL, '2019-09-30 04:05:20', NULL),
	(22, 7, 1, 1, NULL, NULL, '2019-10-02 07:53:15', NULL, '2019-10-02 07:53:15', NULL),
	(23, 7, 1, 2, NULL, NULL, '2019-10-02 07:53:15', NULL, '2019-10-02 07:53:15', NULL),
	(24, 7, 1, 3, NULL, NULL, '2019-10-02 07:53:15', NULL, '2019-10-02 07:53:15', NULL),
	(25, 7, 1, 4, NULL, NULL, '2019-10-02 07:53:15', NULL, '2019-10-02 07:53:15', NULL),
	(26, 7, 1, 5, NULL, NULL, '2019-10-02 07:53:15', NULL, '2019-10-02 07:53:15', NULL),
	(27, 7, 1, 7, NULL, NULL, '2019-10-02 07:53:15', NULL, '2019-10-02 07:53:15', NULL),
	(28, 7, 2, 1, NULL, NULL, '2019-10-02 07:53:15', NULL, '2019-10-02 07:53:15', NULL),
	(29, 7, 2, 2, NULL, NULL, '2019-10-02 07:53:15', NULL, '2019-10-02 07:53:15', NULL),
	(30, 7, 2, 3, NULL, NULL, '2019-10-02 07:53:15', NULL, '2019-10-02 07:53:15', NULL),
	(31, 7, 2, 4, NULL, NULL, '2019-10-02 07:53:15', NULL, '2019-10-02 07:53:15', NULL),
	(32, 7, 2, 5, NULL, NULL, '2019-10-02 07:53:15', NULL, '2019-10-02 07:53:15', NULL),
	(33, 7, 2, 7, NULL, NULL, '2019-10-02 07:53:15', NULL, '2019-10-02 07:53:15', NULL),
	(34, 7, 3, 1, NULL, NULL, '2019-10-02 07:53:15', NULL, '2019-10-02 07:53:15', NULL),
	(35, 7, 3, 2, NULL, NULL, '2019-10-02 07:53:15', NULL, '2019-10-02 07:53:15', NULL),
	(36, 7, 3, 3, NULL, NULL, '2019-10-02 07:53:15', NULL, '2019-10-02 07:53:15', NULL),
	(37, 7, 3, 4, NULL, NULL, '2019-10-02 07:53:15', NULL, '2019-10-02 07:53:15', NULL),
	(38, 7, 3, 5, NULL, NULL, '2019-10-02 07:53:15', NULL, '2019-10-02 07:53:15', NULL),
	(39, 7, 3, 7, NULL, NULL, '2019-10-02 07:53:15', NULL, '2019-10-02 07:53:15', NULL),
	(40, 7, 4, 1, NULL, NULL, '2019-10-02 07:53:15', NULL, '2019-10-02 07:53:15', NULL),
	(41, 7, 4, 2, NULL, NULL, '2019-10-02 07:53:15', NULL, '2019-10-02 07:53:15', NULL),
	(42, 7, 4, 3, NULL, NULL, '2019-10-02 07:53:15', NULL, '2019-10-02 07:53:15', NULL),
	(43, 7, 4, 4, NULL, NULL, '2019-10-02 07:53:15', NULL, '2019-10-02 07:53:15', NULL),
	(44, 7, 4, 5, NULL, NULL, '2019-10-02 07:53:15', NULL, '2019-10-02 07:53:15', NULL),
	(45, 7, 4, 7, NULL, NULL, '2019-10-02 07:53:15', NULL, '2019-10-02 07:53:15', NULL),
	(46, 7, 5, 1, NULL, NULL, '2019-10-02 07:53:15', NULL, '2019-10-02 07:53:15', NULL),
	(47, 7, 5, 2, NULL, NULL, '2019-10-02 07:53:15', NULL, '2019-10-02 07:53:15', NULL),
	(48, 7, 5, 3, NULL, NULL, '2019-10-02 07:53:15', NULL, '2019-10-02 07:53:15', NULL),
	(49, 7, 5, 4, NULL, NULL, '2019-10-02 07:53:15', NULL, '2019-10-02 07:53:15', NULL),
	(50, 7, 5, 5, NULL, NULL, '2019-10-02 07:53:15', NULL, '2019-10-02 07:53:15', NULL),
	(51, 7, 5, 7, NULL, NULL, '2019-10-02 07:53:15', NULL, '2019-10-02 07:53:15', NULL),
	(52, 7, 6, 1, NULL, NULL, '2019-10-02 07:53:15', NULL, '2019-10-02 07:53:15', NULL),
	(53, 7, 6, 2, NULL, NULL, '2019-10-02 07:53:15', NULL, '2019-10-02 07:53:15', NULL),
	(54, 7, 6, 3, NULL, NULL, '2019-10-02 07:53:15', NULL, '2019-10-02 07:53:15', NULL),
	(55, 7, 6, 4, NULL, NULL, '2019-10-02 07:53:15', NULL, '2019-10-02 07:53:15', NULL),
	(56, 7, 6, 5, NULL, NULL, '2019-10-02 07:53:15', NULL, '2019-10-02 07:53:15', NULL),
	(57, 7, 6, 7, NULL, NULL, '2019-10-02 07:53:15', NULL, '2019-10-02 07:53:15', NULL),
	(58, 7, 7, 1, NULL, NULL, '2019-10-02 07:53:15', NULL, '2019-10-02 07:53:15', NULL),
	(59, 7, 7, 2, NULL, NULL, '2019-10-02 07:53:15', NULL, '2019-10-02 07:53:15', NULL),
	(60, 7, 7, 3, NULL, NULL, '2019-10-02 07:53:15', NULL, '2019-10-02 07:53:15', NULL),
	(61, 7, 7, 4, NULL, NULL, '2019-10-02 07:53:15', NULL, '2019-10-02 07:53:15', NULL),
	(62, 7, 7, 5, NULL, NULL, '2019-10-02 07:53:15', NULL, '2019-10-02 07:53:15', NULL),
	(63, 7, 7, 7, NULL, NULL, '2019-10-02 07:53:15', NULL, '2019-10-02 07:53:15', NULL),
	(64, 7, 8, 1, NULL, NULL, '2019-10-02 07:53:15', NULL, '2019-10-02 07:53:15', NULL),
	(65, 7, 8, 2, NULL, NULL, '2019-10-02 07:53:15', NULL, '2019-10-02 07:53:15', NULL),
	(66, 7, 8, 3, NULL, NULL, '2019-10-02 07:53:15', NULL, '2019-10-02 07:53:15', NULL),
	(67, 7, 8, 4, NULL, NULL, '2019-10-02 07:53:15', NULL, '2019-10-02 07:53:15', NULL),
	(68, 7, 8, 5, NULL, NULL, '2019-10-02 07:53:15', NULL, '2019-10-02 07:53:15', NULL),
	(69, 7, 8, 7, NULL, NULL, '2019-10-02 07:53:15', NULL, '2019-10-02 07:53:15', NULL),
	(70, 7, 9, 1, NULL, NULL, '2019-10-02 07:53:15', NULL, '2019-10-02 07:53:15', NULL),
	(71, 7, 9, 2, NULL, NULL, '2019-10-02 07:53:15', NULL, '2019-10-02 07:53:15', NULL),
	(72, 7, 9, 3, NULL, NULL, '2019-10-02 07:53:15', NULL, '2019-10-02 07:53:15', NULL),
	(73, 7, 9, 4, NULL, NULL, '2019-10-02 07:53:15', NULL, '2019-10-02 07:53:15', NULL),
	(74, 7, 9, 5, NULL, NULL, '2019-10-02 07:53:15', NULL, '2019-10-02 07:53:15', NULL),
	(75, 7, 9, 7, NULL, NULL, '2019-10-02 07:53:15', NULL, '2019-10-02 07:53:15', NULL),
	(79, 1, 1, 1, NULL, NULL, '2019-10-21 08:20:05', NULL, '2019-10-21 08:20:05', NULL),
	(80, 1, 13, 7, NULL, NULL, '2019-10-21 08:20:05', NULL, '2019-10-21 08:20:05', NULL),
	(81, 1, 17, 7, NULL, NULL, '2019-10-21 08:20:05', NULL, '2019-10-21 08:20:05', NULL);
/*!40000 ALTER TABLE `roles_privileges` ENABLE KEYS */;

-- Dumping structure for table axshhxmd_vms.users
CREATE TABLE IF NOT EXISTS `users` (
  `id` int(11) NOT NULL AUTO_INCREMENT,
  `id_roles_divisions` int(11) DEFAULT 0 COMMENT 'default 0 = other',
  `username` varchar(50) DEFAULT NULL,
  `password` varchar(255) DEFAULT NULL,
  `remember_token` varchar(100) DEFAULT NULL,
  `deleted_at` datetime DEFAULT NULL,
  `deleted_by` varchar(100) DEFAULT NULL COMMENT 'username',
  `created_at` datetime DEFAULT NULL,
  `created_by` varchar(100) DEFAULT NULL COMMENT 'username',
  `updated_at` datetime DEFAULT NULL,
  `updated_by` varchar(100) DEFAULT NULL COMMENT 'username',
  PRIMARY KEY (`id`)
) ENGINE=InnoDB AUTO_INCREMENT=6 DEFAULT CHARSET=latin1;

-- Dumping data for table axshhxmd_vms.users: ~5 rows (approximately)
DELETE FROM `users`;
/*!40000 ALTER TABLE `users` DISABLE KEYS */;
INSERT INTO `users` (`id`, `id_roles_divisions`, `username`, `password`, `remember_token`, `deleted_at`, `deleted_by`, `created_at`, `created_by`, `updated_at`, `updated_by`) VALUES
	(1, 7, 'superuser', '$2y$10$krPiVUDZp66QGWhKZaUgWuDQrUGgLppCrGdEgaDfv2cw7D8kEYlmG', NULL, NULL, NULL, '2019-09-21 16:33:55', NULL, '2019-10-17 16:48:50', NULL),
	(2, 7, 'superadmin', '$2y$10$JZQGn9eBvCkkhU6Cpmjbw.m1mDCmQTatYe00KpWAQIP6gI28OkT1e', NULL, NULL, NULL, '2019-10-02 08:08:22', NULL, '2019-10-17 16:57:27', NULL),
	(3, 8, 'mgr_gl', '$2y$10$.DYUlqawf.1YRw9JU8mIOO.wdpxsGNPzKA5VifJs6rCtaUj2sVlS.', NULL, NULL, NULL, '2019-10-10 02:29:54', NULL, '2019-10-18 04:02:21', NULL),
	(4, 2, 'staff_gl', '$2y$10$xXr1c77Zn0usFMg7EUc9SekcWWVzscMBJExaqzshKwpqB//FJoMzu', NULL, NULL, NULL, '2019-12-01 20:57:16', 'superuser', '2019-12-01 20:57:16', NULL),
	(5, 7, 'satrio', '$2y$10$krPiVUDZp66QGWhKZaUgWuDQrUGgLppCrGdEgaDfv2cw7D8kEYlmG', NULL, NULL, NULL, '2019-12-19 11:21:56', 'superuser', '2019-12-19 11:21:56', NULL);
/*!40000 ALTER TABLE `users` ENABLE KEYS */;

-- Dumping structure for table axshhxmd_vms.users_privileges
CREATE TABLE IF NOT EXISTS `users_privileges` (
  `id` int(11) NOT NULL AUTO_INCREMENT,
  `id_users` int(11) DEFAULT NULL,
  `id_modules` int(11) DEFAULT NULL,
  `id_actions` int(11) DEFAULT NULL,
  `deleted_at` datetime DEFAULT NULL,
  `deleted_by` varchar(100) DEFAULT NULL COMMENT 'username',
  `created_at` datetime DEFAULT NULL,
  `created_by` varchar(100) DEFAULT NULL COMMENT 'username',
  `updated_at` datetime DEFAULT NULL,
  `updated_by` varchar(100) DEFAULT NULL COMMENT 'username',
  PRIMARY KEY (`id`)
) ENGINE=InnoDB AUTO_INCREMENT=27598 DEFAULT CHARSET=latin1 COMMENT='rms_user + rms_module + rms_action';

-- Dumping data for table axshhxmd_vms.users_privileges: ~1.092 rows (approximately)
DELETE FROM `users_privileges`;
/*!40000 ALTER TABLE `users_privileges` DISABLE KEYS */;
INSERT INTO `users_privileges` (`id`, `id_users`, `id_modules`, `id_actions`, `deleted_at`, `deleted_by`, `created_at`, `created_by`, `updated_at`, `updated_by`) VALUES
	(1409, 2, 1, 1, NULL, NULL, '2019-10-17 16:57:27', NULL, '2019-10-17 16:57:27', NULL),
	(1410, 2, 1, 2, NULL, NULL, '2019-10-17 16:57:27', NULL, '2019-10-17 16:57:27', NULL),
	(1411, 2, 1, 3, NULL, NULL, '2019-10-17 16:57:27', NULL, '2019-10-17 16:57:27', NULL),
	(1412, 2, 1, 4, NULL, NULL, '2019-10-17 16:57:27', NULL, '2019-10-17 16:57:27', NULL),
	(1413, 2, 1, 5, NULL, NULL, '2019-10-17 16:57:27', NULL, '2019-10-17 16:57:27', NULL),
	(1414, 2, 1, 7, NULL, NULL, '2019-10-17 16:57:27', NULL, '2019-10-17 16:57:27', NULL),
	(1415, 2, 2, 1, NULL, NULL, '2019-10-17 16:57:27', NULL, '2019-10-17 16:57:27', NULL),
	(1416, 2, 2, 2, NULL, NULL, '2019-10-17 16:57:27', NULL, '2019-10-17 16:57:27', NULL),
	(1417, 2, 2, 3, NULL, NULL, '2019-10-17 16:57:27', NULL, '2019-10-17 16:57:27', NULL),
	(1418, 2, 2, 4, NULL, NULL, '2019-10-17 16:57:27', NULL, '2019-10-17 16:57:27', NULL),
	(1419, 2, 2, 5, NULL, NULL, '2019-10-17 16:57:27', NULL, '2019-10-17 16:57:27', NULL),
	(1420, 2, 2, 7, NULL, NULL, '2019-10-17 16:57:27', NULL, '2019-10-17 16:57:27', NULL),
	(1421, 2, 3, 1, NULL, NULL, '2019-10-17 16:57:27', NULL, '2019-10-17 16:57:27', NULL),
	(1422, 2, 3, 2, NULL, NULL, '2019-10-17 16:57:27', NULL, '2019-10-17 16:57:27', NULL),
	(1423, 2, 3, 3, NULL, NULL, '2019-10-17 16:57:27', NULL, '2019-10-17 16:57:27', NULL),
	(1424, 2, 3, 4, NULL, NULL, '2019-10-17 16:57:27', NULL, '2019-10-17 16:57:27', NULL),
	(1425, 2, 3, 5, NULL, NULL, '2019-10-17 16:57:27', NULL, '2019-10-17 16:57:27', NULL),
	(1426, 2, 3, 7, NULL, NULL, '2019-10-17 16:57:27', NULL, '2019-10-17 16:57:27', NULL),
	(1427, 2, 4, 1, NULL, NULL, '2019-10-17 16:57:27', NULL, '2019-10-17 16:57:27', NULL),
	(1428, 2, 4, 2, NULL, NULL, '2019-10-17 16:57:27', NULL, '2019-10-17 16:57:27', NULL),
	(1429, 2, 4, 3, NULL, NULL, '2019-10-17 16:57:27', NULL, '2019-10-17 16:57:27', NULL),
	(1430, 2, 4, 4, NULL, NULL, '2019-10-17 16:57:27', NULL, '2019-10-17 16:57:27', NULL),
	(1431, 2, 4, 5, NULL, NULL, '2019-10-17 16:57:27', NULL, '2019-10-17 16:57:27', NULL),
	(1432, 2, 4, 7, NULL, NULL, '2019-10-17 16:57:27', NULL, '2019-10-17 16:57:27', NULL),
	(1433, 2, 5, 1, NULL, NULL, '2019-10-17 16:57:27', NULL, '2019-10-17 16:57:27', NULL),
	(1434, 2, 5, 2, NULL, NULL, '2019-10-17 16:57:27', NULL, '2019-10-17 16:57:27', NULL),
	(1435, 2, 5, 3, NULL, NULL, '2019-10-17 16:57:27', NULL, '2019-10-17 16:57:27', NULL),
	(1436, 2, 5, 4, NULL, NULL, '2019-10-17 16:57:27', NULL, '2019-10-17 16:57:27', NULL),
	(1437, 2, 5, 5, NULL, NULL, '2019-10-17 16:57:27', NULL, '2019-10-17 16:57:27', NULL),
	(1438, 2, 5, 7, NULL, NULL, '2019-10-17 16:57:27', NULL, '2019-10-17 16:57:27', NULL),
	(1439, 2, 6, 1, NULL, NULL, '2019-10-17 16:57:27', NULL, '2019-10-17 16:57:27', NULL),
	(1440, 2, 6, 2, NULL, NULL, '2019-10-17 16:57:27', NULL, '2019-10-17 16:57:27', NULL),
	(1441, 2, 6, 3, NULL, NULL, '2019-10-17 16:57:27', NULL, '2019-10-17 16:57:27', NULL),
	(1442, 2, 6, 4, NULL, NULL, '2019-10-17 16:57:27', NULL, '2019-10-17 16:57:27', NULL),
	(1443, 2, 6, 5, NULL, NULL, '2019-10-17 16:57:27', NULL, '2019-10-17 16:57:27', NULL),
	(1444, 2, 6, 7, NULL, NULL, '2019-10-17 16:57:27', NULL, '2019-10-17 16:57:27', NULL),
	(1445, 2, 7, 1, NULL, NULL, '2019-10-17 16:57:27', NULL, '2019-10-17 16:57:27', NULL),
	(1446, 2, 7, 2, NULL, NULL, '2019-10-17 16:57:27', NULL, '2019-10-17 16:57:27', NULL),
	(1447, 2, 7, 3, NULL, NULL, '2019-10-17 16:57:27', NULL, '2019-10-17 16:57:27', NULL),
	(1448, 2, 7, 4, NULL, NULL, '2019-10-17 16:57:27', NULL, '2019-10-17 16:57:27', NULL),
	(1449, 2, 7, 5, NULL, NULL, '2019-10-17 16:57:27', NULL, '2019-10-17 16:57:27', NULL),
	(1450, 2, 7, 7, NULL, NULL, '2019-10-17 16:57:27', NULL, '2019-10-17 16:57:27', NULL),
	(1451, 2, 8, 1, NULL, NULL, '2019-10-17 16:57:27', NULL, '2019-10-17 16:57:27', NULL),
	(1452, 2, 8, 2, NULL, NULL, '2019-10-17 16:57:27', NULL, '2019-10-17 16:57:27', NULL),
	(1453, 2, 8, 3, NULL, NULL, '2019-10-17 16:57:27', NULL, '2019-10-17 16:57:27', NULL),
	(1454, 2, 8, 4, NULL, NULL, '2019-10-17 16:57:27', NULL, '2019-10-17 16:57:27', NULL),
	(1455, 2, 8, 5, NULL, NULL, '2019-10-17 16:57:27', NULL, '2019-10-17 16:57:27', NULL),
	(1456, 2, 8, 7, NULL, NULL, '2019-10-17 16:57:27', NULL, '2019-10-17 16:57:27', NULL),
	(1457, 2, 9, 1, NULL, NULL, '2019-10-17 16:57:27', NULL, '2019-10-17 16:57:27', NULL),
	(1458, 2, 9, 2, NULL, NULL, '2019-10-17 16:57:27', NULL, '2019-10-17 16:57:27', NULL),
	(1459, 2, 9, 3, NULL, NULL, '2019-10-17 16:57:27', NULL, '2019-10-17 16:57:27', NULL),
	(1460, 2, 9, 4, NULL, NULL, '2019-10-17 16:57:27', NULL, '2019-10-17 16:57:27', NULL),
	(1461, 2, 9, 5, NULL, NULL, '2019-10-17 16:57:27', NULL, '2019-10-17 16:57:27', NULL),
	(1462, 2, 9, 7, NULL, NULL, '2019-10-17 16:57:27', NULL, '2019-10-17 16:57:27', NULL),
	(1573, 3, 13, 7, NULL, NULL, '2019-10-18 04:01:09', NULL, '2019-10-18 04:01:09', NULL),
	(1574, 3, 16, 7, NULL, NULL, '2019-10-18 04:01:09', NULL, '2019-10-18 04:01:09', NULL),
	(18172, 4, 1, 1, NULL, NULL, '2019-12-01 20:57:16', 'superuser', '2019-12-01 20:57:16', NULL),
	(18173, 4, 1, 2, NULL, NULL, '2019-12-01 20:57:16', 'superuser', '2019-12-01 20:57:16', NULL),
	(18174, 4, 2, 1, NULL, NULL, '2019-12-01 20:57:16', 'superuser', '2019-12-01 20:57:16', NULL),
	(26565, 5, 1, 1, NULL, NULL, '2019-12-19 11:21:56', 'superuser', '2019-12-19 11:21:56', NULL),
	(26566, 5, 1, 2, NULL, NULL, '2019-12-19 11:21:56', 'superuser', '2019-12-19 11:21:56', NULL),
	(26567, 5, 1, 3, NULL, NULL, '2019-12-19 11:21:56', 'superuser', '2019-12-19 11:21:56', NULL),
	(26568, 5, 1, 4, NULL, NULL, '2019-12-19 11:21:56', 'superuser', '2019-12-19 11:21:56', NULL),
	(26569, 5, 1, 5, NULL, NULL, '2019-12-19 11:21:56', 'superuser', '2019-12-19 11:21:56', NULL),
	(26570, 5, 1, 7, NULL, NULL, '2019-12-19 11:21:56', 'superuser', '2019-12-19 11:21:56', NULL),
	(26571, 5, 2, 1, NULL, NULL, '2019-12-19 11:21:56', 'superuser', '2019-12-19 11:21:56', NULL),
	(26572, 5, 2, 2, NULL, NULL, '2019-12-19 11:21:56', 'superuser', '2019-12-19 11:21:56', NULL),
	(26573, 5, 2, 3, NULL, NULL, '2019-12-19 11:21:56', 'superuser', '2019-12-19 11:21:56', NULL),
	(26574, 5, 2, 4, NULL, NULL, '2019-12-19 11:21:56', 'superuser', '2019-12-19 11:21:56', NULL),
	(26575, 5, 2, 5, NULL, NULL, '2019-12-19 11:21:56', 'superuser', '2019-12-19 11:21:56', NULL),
	(26576, 5, 2, 7, NULL, NULL, '2019-12-19 11:21:56', 'superuser', '2019-12-19 11:21:56', NULL),
	(26577, 5, 3, 1, NULL, NULL, '2019-12-19 11:21:56', 'superuser', '2019-12-19 11:21:56', NULL),
	(26578, 5, 3, 2, NULL, NULL, '2019-12-19 11:21:56', 'superuser', '2019-12-19 11:21:56', NULL),
	(26579, 5, 3, 3, NULL, NULL, '2019-12-19 11:21:56', 'superuser', '2019-12-19 11:21:56', NULL),
	(26580, 5, 3, 4, NULL, NULL, '2019-12-19 11:21:56', 'superuser', '2019-12-19 11:21:56', NULL),
	(26581, 5, 3, 5, NULL, NULL, '2019-12-19 11:21:56', 'superuser', '2019-12-19 11:21:56', NULL),
	(26582, 5, 3, 7, NULL, NULL, '2019-12-19 11:21:56', 'superuser', '2019-12-19 11:21:56', NULL),
	(26583, 5, 4, 1, NULL, NULL, '2019-12-19 11:21:56', 'superuser', '2019-12-19 11:21:56', NULL),
	(26584, 5, 4, 2, NULL, NULL, '2019-12-19 11:21:56', 'superuser', '2019-12-19 11:21:56', NULL),
	(26585, 5, 4, 3, NULL, NULL, '2019-12-19 11:21:56', 'superuser', '2019-12-19 11:21:56', NULL),
	(26586, 5, 4, 4, NULL, NULL, '2019-12-19 11:21:56', 'superuser', '2019-12-19 11:21:56', NULL),
	(26587, 5, 4, 5, NULL, NULL, '2019-12-19 11:21:56', 'superuser', '2019-12-19 11:21:56', NULL),
	(26588, 5, 4, 7, NULL, NULL, '2019-12-19 11:21:56', 'superuser', '2019-12-19 11:21:56', NULL),
	(26589, 5, 5, 1, NULL, NULL, '2019-12-19 11:21:56', 'superuser', '2019-12-19 11:21:56', NULL),
	(26590, 5, 5, 2, NULL, NULL, '2019-12-19 11:21:56', 'superuser', '2019-12-19 11:21:56', NULL),
	(26591, 5, 5, 3, NULL, NULL, '2019-12-19 11:21:56', 'superuser', '2019-12-19 11:21:56', NULL),
	(26592, 5, 5, 4, NULL, NULL, '2019-12-19 11:21:56', 'superuser', '2019-12-19 11:21:56', NULL),
	(26593, 5, 5, 5, NULL, NULL, '2019-12-19 11:21:56', 'superuser', '2019-12-19 11:21:56', NULL),
	(26594, 5, 5, 7, NULL, NULL, '2019-12-19 11:21:56', 'superuser', '2019-12-19 11:21:56', NULL),
	(26595, 5, 6, 1, NULL, NULL, '2019-12-19 11:21:56', 'superuser', '2019-12-19 11:21:56', NULL),
	(26596, 5, 6, 2, NULL, NULL, '2019-12-19 11:21:56', 'superuser', '2019-12-19 11:21:56', NULL),
	(26597, 5, 6, 3, NULL, NULL, '2019-12-19 11:21:56', 'superuser', '2019-12-19 11:21:56', NULL),
	(26598, 5, 6, 4, NULL, NULL, '2019-12-19 11:21:56', 'superuser', '2019-12-19 11:21:56', NULL),
	(26599, 5, 6, 5, NULL, NULL, '2019-12-19 11:21:56', 'superuser', '2019-12-19 11:21:56', NULL),
	(26600, 5, 6, 7, NULL, NULL, '2019-12-19 11:21:56', 'superuser', '2019-12-19 11:21:56', NULL),
	(26601, 5, 7, 1, NULL, NULL, '2019-12-19 11:21:56', 'superuser', '2019-12-19 11:21:56', NULL),
	(26602, 5, 7, 2, NULL, NULL, '2019-12-19 11:21:56', 'superuser', '2019-12-19 11:21:56', NULL),
	(26603, 5, 7, 3, NULL, NULL, '2019-12-19 11:21:56', 'superuser', '2019-12-19 11:21:56', NULL),
	(26604, 5, 7, 4, NULL, NULL, '2019-12-19 11:21:56', 'superuser', '2019-12-19 11:21:56', NULL),
	(26605, 5, 7, 5, NULL, NULL, '2019-12-19 11:21:56', 'superuser', '2019-12-19 11:21:56', NULL),
	(26606, 5, 7, 7, NULL, NULL, '2019-12-19 11:21:56', 'superuser', '2019-12-19 11:21:56', NULL),
	(26607, 5, 8, 1, NULL, NULL, '2019-12-19 11:21:56', 'superuser', '2019-12-19 11:21:56', NULL),
	(26608, 5, 8, 2, NULL, NULL, '2019-12-19 11:21:56', 'superuser', '2019-12-19 11:21:56', NULL),
	(26609, 5, 8, 3, NULL, NULL, '2019-12-19 11:21:56', 'superuser', '2019-12-19 11:21:56', NULL),
	(26610, 5, 8, 4, NULL, NULL, '2019-12-19 11:21:56', 'superuser', '2019-12-19 11:21:56', NULL),
	(26611, 5, 8, 5, NULL, NULL, '2019-12-19 11:21:56', 'superuser', '2019-12-19 11:21:56', NULL),
	(26612, 5, 8, 7, NULL, NULL, '2019-12-19 11:21:56', 'superuser', '2019-12-19 11:21:56', NULL),
	(26613, 5, 9, 1, NULL, NULL, '2019-12-19 11:21:56', 'superuser', '2019-12-19 11:21:56', NULL),
	(26614, 5, 9, 2, NULL, NULL, '2019-12-19 11:21:56', 'superuser', '2019-12-19 11:21:56', NULL),
	(26615, 5, 9, 3, NULL, NULL, '2019-12-19 11:21:56', 'superuser', '2019-12-19 11:21:56', NULL),
	(26616, 5, 9, 4, NULL, NULL, '2019-12-19 11:21:56', 'superuser', '2019-12-19 11:21:56', NULL),
	(26617, 5, 9, 5, NULL, NULL, '2019-12-19 11:21:56', 'superuser', '2019-12-19 11:21:56', NULL),
	(26618, 5, 9, 7, NULL, NULL, '2019-12-19 11:21:56', 'superuser', '2019-12-19 11:21:56', NULL),
	(26619, 1, 1, 1, NULL, NULL, '2019-12-21 18:25:35', 'superuser', '2019-12-21 18:25:35', 'superuser'),
	(26620, 1, 1, 2, NULL, NULL, '2019-12-21 18:25:35', 'superuser', '2019-12-21 18:25:35', 'superuser'),
	(26621, 1, 1, 3, NULL, NULL, '2019-12-21 18:25:35', 'superuser', '2019-12-21 18:25:35', 'superuser'),
	(26622, 1, 1, 4, NULL, NULL, '2019-12-21 18:25:35', 'superuser', '2019-12-21 18:25:35', 'superuser'),
	(26623, 1, 1, 5, NULL, NULL, '2019-12-21 18:25:35', 'superuser', '2019-12-21 18:25:35', 'superuser'),
	(26624, 1, 1, 6, NULL, NULL, '2019-12-21 18:25:35', 'superuser', '2019-12-21 18:25:35', 'superuser'),
	(26625, 1, 1, 7, NULL, NULL, '2019-12-21 18:25:35', 'superuser', '2019-12-21 18:25:35', 'superuser'),
	(26626, 1, 1, 8, NULL, NULL, '2019-12-21 18:25:35', 'superuser', '2019-12-21 18:25:35', 'superuser'),
	(26627, 1, 1, 9, NULL, NULL, '2019-12-21 18:25:35', 'superuser', '2019-12-21 18:25:35', 'superuser'),
	(26628, 1, 1, 10, NULL, NULL, '2019-12-21 18:25:35', 'superuser', '2019-12-21 18:25:35', 'superuser'),
	(26629, 1, 1, 11, NULL, NULL, '2019-12-21 18:25:35', 'superuser', '2019-12-21 18:25:35', 'superuser'),
	(26630, 1, 2, 1, NULL, NULL, '2019-12-21 18:25:35', 'superuser', '2019-12-21 18:25:35', 'superuser'),
	(26631, 1, 2, 2, NULL, NULL, '2019-12-21 18:25:35', 'superuser', '2019-12-21 18:25:35', 'superuser'),
	(26632, 1, 2, 3, NULL, NULL, '2019-12-21 18:25:35', 'superuser', '2019-12-21 18:25:35', 'superuser'),
	(26633, 1, 2, 4, NULL, NULL, '2019-12-21 18:25:35', 'superuser', '2019-12-21 18:25:35', 'superuser'),
	(26634, 1, 2, 5, NULL, NULL, '2019-12-21 18:25:35', 'superuser', '2019-12-21 18:25:35', 'superuser'),
	(26635, 1, 2, 6, NULL, NULL, '2019-12-21 18:25:35', 'superuser', '2019-12-21 18:25:35', 'superuser'),
	(26636, 1, 2, 7, NULL, NULL, '2019-12-21 18:25:35', 'superuser', '2019-12-21 18:25:35', 'superuser'),
	(26637, 1, 2, 8, NULL, NULL, '2019-12-21 18:25:35', 'superuser', '2019-12-21 18:25:35', 'superuser'),
	(26638, 1, 2, 9, NULL, NULL, '2019-12-21 18:25:35', 'superuser', '2019-12-21 18:25:35', 'superuser'),
	(26639, 1, 2, 10, NULL, NULL, '2019-12-21 18:25:35', 'superuser', '2019-12-21 18:25:35', 'superuser'),
	(26640, 1, 2, 11, NULL, NULL, '2019-12-21 18:25:35', 'superuser', '2019-12-21 18:25:35', 'superuser'),
	(26641, 1, 3, 1, NULL, NULL, '2019-12-21 18:25:35', 'superuser', '2019-12-21 18:25:35', 'superuser'),
	(26642, 1, 3, 2, NULL, NULL, '2019-12-21 18:25:35', 'superuser', '2019-12-21 18:25:35', 'superuser'),
	(26643, 1, 3, 3, NULL, NULL, '2019-12-21 18:25:35', 'superuser', '2019-12-21 18:25:35', 'superuser'),
	(26644, 1, 3, 4, NULL, NULL, '2019-12-21 18:25:35', 'superuser', '2019-12-21 18:25:35', 'superuser'),
	(26645, 1, 3, 5, NULL, NULL, '2019-12-21 18:25:35', 'superuser', '2019-12-21 18:25:35', 'superuser'),
	(26646, 1, 3, 6, NULL, NULL, '2019-12-21 18:25:35', 'superuser', '2019-12-21 18:25:35', 'superuser'),
	(26647, 1, 3, 7, NULL, NULL, '2019-12-21 18:25:35', 'superuser', '2019-12-21 18:25:35', 'superuser'),
	(26648, 1, 3, 8, NULL, NULL, '2019-12-21 18:25:35', 'superuser', '2019-12-21 18:25:35', 'superuser'),
	(26649, 1, 3, 9, NULL, NULL, '2019-12-21 18:25:35', 'superuser', '2019-12-21 18:25:35', 'superuser'),
	(26650, 1, 3, 10, NULL, NULL, '2019-12-21 18:25:35', 'superuser', '2019-12-21 18:25:35', 'superuser'),
	(26651, 1, 3, 11, NULL, NULL, '2019-12-21 18:25:35', 'superuser', '2019-12-21 18:25:35', 'superuser'),
	(26652, 1, 4, 1, NULL, NULL, '2019-12-21 18:25:35', 'superuser', '2019-12-21 18:25:35', 'superuser'),
	(26653, 1, 4, 2, NULL, NULL, '2019-12-21 18:25:35', 'superuser', '2019-12-21 18:25:35', 'superuser'),
	(26654, 1, 4, 3, NULL, NULL, '2019-12-21 18:25:35', 'superuser', '2019-12-21 18:25:35', 'superuser'),
	(26655, 1, 4, 4, NULL, NULL, '2019-12-21 18:25:35', 'superuser', '2019-12-21 18:25:35', 'superuser'),
	(26656, 1, 4, 5, NULL, NULL, '2019-12-21 18:25:35', 'superuser', '2019-12-21 18:25:35', 'superuser'),
	(26657, 1, 4, 6, NULL, NULL, '2019-12-21 18:25:35', 'superuser', '2019-12-21 18:25:35', 'superuser'),
	(26658, 1, 4, 7, NULL, NULL, '2019-12-21 18:25:35', 'superuser', '2019-12-21 18:25:35', 'superuser'),
	(26659, 1, 4, 8, NULL, NULL, '2019-12-21 18:25:35', 'superuser', '2019-12-21 18:25:35', 'superuser'),
	(26660, 1, 4, 9, NULL, NULL, '2019-12-21 18:25:35', 'superuser', '2019-12-21 18:25:35', 'superuser'),
	(26661, 1, 4, 10, NULL, NULL, '2019-12-21 18:25:35', 'superuser', '2019-12-21 18:25:35', 'superuser'),
	(26662, 1, 4, 11, NULL, NULL, '2019-12-21 18:25:35', 'superuser', '2019-12-21 18:25:35', 'superuser'),
	(26663, 1, 5, 1, NULL, NULL, '2019-12-21 18:25:35', 'superuser', '2019-12-21 18:25:35', 'superuser'),
	(26664, 1, 5, 2, NULL, NULL, '2019-12-21 18:25:35', 'superuser', '2019-12-21 18:25:35', 'superuser'),
	(26665, 1, 5, 3, NULL, NULL, '2019-12-21 18:25:35', 'superuser', '2019-12-21 18:25:35', 'superuser'),
	(26666, 1, 5, 4, NULL, NULL, '2019-12-21 18:25:35', 'superuser', '2019-12-21 18:25:35', 'superuser'),
	(26667, 1, 5, 5, NULL, NULL, '2019-12-21 18:25:35', 'superuser', '2019-12-21 18:25:35', 'superuser'),
	(26668, 1, 5, 6, NULL, NULL, '2019-12-21 18:25:35', 'superuser', '2019-12-21 18:25:35', 'superuser'),
	(26669, 1, 5, 7, NULL, NULL, '2019-12-21 18:25:35', 'superuser', '2019-12-21 18:25:35', 'superuser'),
	(26670, 1, 5, 8, NULL, NULL, '2019-12-21 18:25:35', 'superuser', '2019-12-21 18:25:35', 'superuser'),
	(26671, 1, 5, 9, NULL, NULL, '2019-12-21 18:25:35', 'superuser', '2019-12-21 18:25:35', 'superuser'),
	(26672, 1, 5, 10, NULL, NULL, '2019-12-21 18:25:35', 'superuser', '2019-12-21 18:25:35', 'superuser'),
	(26673, 1, 5, 11, NULL, NULL, '2019-12-21 18:25:35', 'superuser', '2019-12-21 18:25:35', 'superuser'),
	(26674, 1, 6, 1, NULL, NULL, '2019-12-21 18:25:35', 'superuser', '2019-12-21 18:25:35', 'superuser'),
	(26675, 1, 6, 2, NULL, NULL, '2019-12-21 18:25:35', 'superuser', '2019-12-21 18:25:35', 'superuser'),
	(26676, 1, 6, 3, NULL, NULL, '2019-12-21 18:25:35', 'superuser', '2019-12-21 18:25:35', 'superuser'),
	(26677, 1, 6, 4, NULL, NULL, '2019-12-21 18:25:35', 'superuser', '2019-12-21 18:25:35', 'superuser'),
	(26678, 1, 6, 5, NULL, NULL, '2019-12-21 18:25:35', 'superuser', '2019-12-21 18:25:35', 'superuser'),
	(26679, 1, 6, 6, NULL, NULL, '2019-12-21 18:25:35', 'superuser', '2019-12-21 18:25:35', 'superuser'),
	(26680, 1, 6, 7, NULL, NULL, '2019-12-21 18:25:35', 'superuser', '2019-12-21 18:25:35', 'superuser'),
	(26681, 1, 6, 8, NULL, NULL, '2019-12-21 18:25:35', 'superuser', '2019-12-21 18:25:35', 'superuser'),
	(26682, 1, 6, 9, NULL, NULL, '2019-12-21 18:25:35', 'superuser', '2019-12-21 18:25:35', 'superuser'),
	(26683, 1, 6, 10, NULL, NULL, '2019-12-21 18:25:35', 'superuser', '2019-12-21 18:25:35', 'superuser'),
	(26684, 1, 6, 11, NULL, NULL, '2019-12-21 18:25:35', 'superuser', '2019-12-21 18:25:35', 'superuser'),
	(26685, 1, 7, 1, NULL, NULL, '2019-12-21 18:25:35', 'superuser', '2019-12-21 18:25:35', 'superuser'),
	(26686, 1, 7, 2, NULL, NULL, '2019-12-21 18:25:35', 'superuser', '2019-12-21 18:25:35', 'superuser'),
	(26687, 1, 7, 3, NULL, NULL, '2019-12-21 18:25:35', 'superuser', '2019-12-21 18:25:35', 'superuser'),
	(26688, 1, 7, 4, NULL, NULL, '2019-12-21 18:25:35', 'superuser', '2019-12-21 18:25:35', 'superuser'),
	(26689, 1, 7, 5, NULL, NULL, '2019-12-21 18:25:35', 'superuser', '2019-12-21 18:25:35', 'superuser'),
	(26690, 1, 7, 6, NULL, NULL, '2019-12-21 18:25:35', 'superuser', '2019-12-21 18:25:35', 'superuser'),
	(26691, 1, 7, 7, NULL, NULL, '2019-12-21 18:25:35', 'superuser', '2019-12-21 18:25:35', 'superuser'),
	(26692, 1, 7, 8, NULL, NULL, '2019-12-21 18:25:35', 'superuser', '2019-12-21 18:25:35', 'superuser'),
	(26693, 1, 7, 9, NULL, NULL, '2019-12-21 18:25:35', 'superuser', '2019-12-21 18:25:35', 'superuser'),
	(26694, 1, 7, 10, NULL, NULL, '2019-12-21 18:25:35', 'superuser', '2019-12-21 18:25:35', 'superuser'),
	(26695, 1, 7, 11, NULL, NULL, '2019-12-21 18:25:35', 'superuser', '2019-12-21 18:25:35', 'superuser'),
	(26696, 1, 8, 1, NULL, NULL, '2019-12-21 18:25:35', 'superuser', '2019-12-21 18:25:35', 'superuser'),
	(26697, 1, 8, 2, NULL, NULL, '2019-12-21 18:25:35', 'superuser', '2019-12-21 18:25:35', 'superuser'),
	(26698, 1, 8, 3, NULL, NULL, '2019-12-21 18:25:35', 'superuser', '2019-12-21 18:25:35', 'superuser'),
	(26699, 1, 8, 4, NULL, NULL, '2019-12-21 18:25:35', 'superuser', '2019-12-21 18:25:35', 'superuser'),
	(26700, 1, 8, 5, NULL, NULL, '2019-12-21 18:25:35', 'superuser', '2019-12-21 18:25:35', 'superuser'),
	(26701, 1, 8, 6, NULL, NULL, '2019-12-21 18:25:35', 'superuser', '2019-12-21 18:25:35', 'superuser'),
	(26702, 1, 8, 7, NULL, NULL, '2019-12-21 18:25:35', 'superuser', '2019-12-21 18:25:35', 'superuser'),
	(26703, 1, 8, 8, NULL, NULL, '2019-12-21 18:25:35', 'superuser', '2019-12-21 18:25:35', 'superuser'),
	(26704, 1, 8, 9, NULL, NULL, '2019-12-21 18:25:35', 'superuser', '2019-12-21 18:25:35', 'superuser'),
	(26705, 1, 8, 10, NULL, NULL, '2019-12-21 18:25:35', 'superuser', '2019-12-21 18:25:35', 'superuser'),
	(26706, 1, 8, 11, NULL, NULL, '2019-12-21 18:25:35', 'superuser', '2019-12-21 18:25:35', 'superuser'),
	(26707, 1, 9, 1, NULL, NULL, '2019-12-21 18:25:35', 'superuser', '2019-12-21 18:25:35', 'superuser'),
	(26708, 1, 9, 2, NULL, NULL, '2019-12-21 18:25:35', 'superuser', '2019-12-21 18:25:35', 'superuser'),
	(26709, 1, 9, 3, NULL, NULL, '2019-12-21 18:25:35', 'superuser', '2019-12-21 18:25:35', 'superuser'),
	(26710, 1, 9, 4, NULL, NULL, '2019-12-21 18:25:35', 'superuser', '2019-12-21 18:25:35', 'superuser'),
	(26711, 1, 9, 5, NULL, NULL, '2019-12-21 18:25:35', 'superuser', '2019-12-21 18:25:35', 'superuser'),
	(26712, 1, 9, 6, NULL, NULL, '2019-12-21 18:25:35', 'superuser', '2019-12-21 18:25:35', 'superuser'),
	(26713, 1, 9, 7, NULL, NULL, '2019-12-21 18:25:35', 'superuser', '2019-12-21 18:25:35', 'superuser'),
	(26714, 1, 9, 8, NULL, NULL, '2019-12-21 18:25:35', 'superuser', '2019-12-21 18:25:35', 'superuser'),
	(26715, 1, 9, 9, NULL, NULL, '2019-12-21 18:25:35', 'superuser', '2019-12-21 18:25:35', 'superuser'),
	(26716, 1, 9, 10, NULL, NULL, '2019-12-21 18:25:35', 'superuser', '2019-12-21 18:25:35', 'superuser'),
	(26717, 1, 9, 11, NULL, NULL, '2019-12-21 18:25:35', 'superuser', '2019-12-21 18:25:35', 'superuser'),
	(26718, 1, 10, 1, NULL, NULL, '2019-12-21 18:25:35', 'superuser', '2019-12-21 18:25:35', 'superuser'),
	(26719, 1, 10, 2, NULL, NULL, '2019-12-21 18:25:35', 'superuser', '2019-12-21 18:25:35', 'superuser'),
	(26720, 1, 10, 3, NULL, NULL, '2019-12-21 18:25:35', 'superuser', '2019-12-21 18:25:35', 'superuser'),
	(26721, 1, 10, 4, NULL, NULL, '2019-12-21 18:25:35', 'superuser', '2019-12-21 18:25:35', 'superuser'),
	(26722, 1, 10, 5, NULL, NULL, '2019-12-21 18:25:35', 'superuser', '2019-12-21 18:25:35', 'superuser'),
	(26723, 1, 10, 6, NULL, NULL, '2019-12-21 18:25:35', 'superuser', '2019-12-21 18:25:35', 'superuser'),
	(26724, 1, 10, 7, NULL, NULL, '2019-12-21 18:25:35', 'superuser', '2019-12-21 18:25:35', 'superuser'),
	(26725, 1, 10, 8, NULL, NULL, '2019-12-21 18:25:35', 'superuser', '2019-12-21 18:25:35', 'superuser'),
	(26726, 1, 10, 9, NULL, NULL, '2019-12-21 18:25:35', 'superuser', '2019-12-21 18:25:35', 'superuser'),
	(26727, 1, 10, 10, NULL, NULL, '2019-12-21 18:25:35', 'superuser', '2019-12-21 18:25:35', 'superuser'),
	(26728, 1, 10, 11, NULL, NULL, '2019-12-21 18:25:35', 'superuser', '2019-12-21 18:25:35', 'superuser'),
	(26729, 1, 11, 1, NULL, NULL, '2019-12-21 18:25:35', 'superuser', '2019-12-21 18:25:35', 'superuser'),
	(26730, 1, 11, 2, NULL, NULL, '2019-12-21 18:25:35', 'superuser', '2019-12-21 18:25:35', 'superuser'),
	(26731, 1, 11, 3, NULL, NULL, '2019-12-21 18:25:35', 'superuser', '2019-12-21 18:25:35', 'superuser'),
	(26732, 1, 11, 4, NULL, NULL, '2019-12-21 18:25:35', 'superuser', '2019-12-21 18:25:35', 'superuser'),
	(26733, 1, 11, 5, NULL, NULL, '2019-12-21 18:25:35', 'superuser', '2019-12-21 18:25:35', 'superuser'),
	(26734, 1, 11, 6, NULL, NULL, '2019-12-21 18:25:35', 'superuser', '2019-12-21 18:25:35', 'superuser'),
	(26735, 1, 11, 7, NULL, NULL, '2019-12-21 18:25:35', 'superuser', '2019-12-21 18:25:35', 'superuser'),
	(26736, 1, 11, 8, NULL, NULL, '2019-12-21 18:25:35', 'superuser', '2019-12-21 18:25:35', 'superuser'),
	(26737, 1, 11, 9, NULL, NULL, '2019-12-21 18:25:35', 'superuser', '2019-12-21 18:25:35', 'superuser'),
	(26738, 1, 11, 10, NULL, NULL, '2019-12-21 18:25:35', 'superuser', '2019-12-21 18:25:35', 'superuser'),
	(26739, 1, 11, 11, NULL, NULL, '2019-12-21 18:25:35', 'superuser', '2019-12-21 18:25:35', 'superuser'),
	(26740, 1, 12, 1, NULL, NULL, '2019-12-21 18:25:35', 'superuser', '2019-12-21 18:25:35', 'superuser'),
	(26741, 1, 12, 2, NULL, NULL, '2019-12-21 18:25:35', 'superuser', '2019-12-21 18:25:35', 'superuser'),
	(26742, 1, 12, 3, NULL, NULL, '2019-12-21 18:25:35', 'superuser', '2019-12-21 18:25:35', 'superuser'),
	(26743, 1, 12, 4, NULL, NULL, '2019-12-21 18:25:35', 'superuser', '2019-12-21 18:25:35', 'superuser'),
	(26744, 1, 12, 5, NULL, NULL, '2019-12-21 18:25:35', 'superuser', '2019-12-21 18:25:35', 'superuser'),
	(26745, 1, 12, 6, NULL, NULL, '2019-12-21 18:25:35', 'superuser', '2019-12-21 18:25:35', 'superuser'),
	(26746, 1, 12, 7, NULL, NULL, '2019-12-21 18:25:35', 'superuser', '2019-12-21 18:25:35', 'superuser'),
	(26747, 1, 12, 8, NULL, NULL, '2019-12-21 18:25:35', 'superuser', '2019-12-21 18:25:35', 'superuser'),
	(26748, 1, 12, 9, NULL, NULL, '2019-12-21 18:25:35', 'superuser', '2019-12-21 18:25:35', 'superuser'),
	(26749, 1, 12, 10, NULL, NULL, '2019-12-21 18:25:35', 'superuser', '2019-12-21 18:25:35', 'superuser'),
	(26750, 1, 12, 11, NULL, NULL, '2019-12-21 18:25:35', 'superuser', '2019-12-21 18:25:35', 'superuser'),
	(26751, 1, 13, 1, NULL, NULL, '2019-12-21 18:25:35', 'superuser', '2019-12-21 18:25:35', 'superuser'),
	(26752, 1, 13, 2, NULL, NULL, '2019-12-21 18:25:35', 'superuser', '2019-12-21 18:25:35', 'superuser'),
	(26753, 1, 13, 3, NULL, NULL, '2019-12-21 18:25:35', 'superuser', '2019-12-21 18:25:35', 'superuser'),
	(26754, 1, 13, 4, NULL, NULL, '2019-12-21 18:25:35', 'superuser', '2019-12-21 18:25:35', 'superuser'),
	(26755, 1, 13, 5, NULL, NULL, '2019-12-21 18:25:35', 'superuser', '2019-12-21 18:25:35', 'superuser'),
	(26756, 1, 13, 6, NULL, NULL, '2019-12-21 18:25:35', 'superuser', '2019-12-21 18:25:35', 'superuser'),
	(26757, 1, 13, 7, NULL, NULL, '2019-12-21 18:25:35', 'superuser', '2019-12-21 18:25:35', 'superuser'),
	(26758, 1, 13, 8, NULL, NULL, '2019-12-21 18:25:35', 'superuser', '2019-12-21 18:25:35', 'superuser'),
	(26759, 1, 13, 9, NULL, NULL, '2019-12-21 18:25:35', 'superuser', '2019-12-21 18:25:35', 'superuser'),
	(26760, 1, 13, 10, NULL, NULL, '2019-12-21 18:25:35', 'superuser', '2019-12-21 18:25:35', 'superuser'),
	(26761, 1, 13, 11, NULL, NULL, '2019-12-21 18:25:35', 'superuser', '2019-12-21 18:25:35', 'superuser'),
	(26762, 1, 14, 1, NULL, NULL, '2019-12-21 18:25:35', 'superuser', '2019-12-21 18:25:35', 'superuser'),
	(26763, 1, 14, 2, NULL, NULL, '2019-12-21 18:25:35', 'superuser', '2019-12-21 18:25:35', 'superuser'),
	(26764, 1, 14, 3, NULL, NULL, '2019-12-21 18:25:35', 'superuser', '2019-12-21 18:25:35', 'superuser'),
	(26765, 1, 14, 4, NULL, NULL, '2019-12-21 18:25:35', 'superuser', '2019-12-21 18:25:35', 'superuser'),
	(26766, 1, 14, 5, NULL, NULL, '2019-12-21 18:25:35', 'superuser', '2019-12-21 18:25:35', 'superuser'),
	(26767, 1, 14, 6, NULL, NULL, '2019-12-21 18:25:35', 'superuser', '2019-12-21 18:25:35', 'superuser'),
	(26768, 1, 14, 7, NULL, NULL, '2019-12-21 18:25:35', 'superuser', '2019-12-21 18:25:35', 'superuser'),
	(26769, 1, 14, 8, NULL, NULL, '2019-12-21 18:25:35', 'superuser', '2019-12-21 18:25:35', 'superuser'),
	(26770, 1, 14, 9, NULL, NULL, '2019-12-21 18:25:35', 'superuser', '2019-12-21 18:25:35', 'superuser'),
	(26771, 1, 14, 10, NULL, NULL, '2019-12-21 18:25:35', 'superuser', '2019-12-21 18:25:35', 'superuser'),
	(26772, 1, 14, 11, NULL, NULL, '2019-12-21 18:25:35', 'superuser', '2019-12-21 18:25:35', 'superuser'),
	(26773, 1, 15, 1, NULL, NULL, '2019-12-21 18:25:35', 'superuser', '2019-12-21 18:25:35', 'superuser'),
	(26774, 1, 15, 2, NULL, NULL, '2019-12-21 18:25:35', 'superuser', '2019-12-21 18:25:35', 'superuser'),
	(26775, 1, 15, 3, NULL, NULL, '2019-12-21 18:25:35', 'superuser', '2019-12-21 18:25:35', 'superuser'),
	(26776, 1, 15, 4, NULL, NULL, '2019-12-21 18:25:35', 'superuser', '2019-12-21 18:25:35', 'superuser'),
	(26777, 1, 15, 5, NULL, NULL, '2019-12-21 18:25:35', 'superuser', '2019-12-21 18:25:35', 'superuser'),
	(26778, 1, 15, 6, NULL, NULL, '2019-12-21 18:25:35', 'superuser', '2019-12-21 18:25:35', 'superuser'),
	(26779, 1, 15, 7, NULL, NULL, '2019-12-21 18:25:35', 'superuser', '2019-12-21 18:25:35', 'superuser'),
	(26780, 1, 15, 8, NULL, NULL, '2019-12-21 18:25:35', 'superuser', '2019-12-21 18:25:35', 'superuser'),
	(26781, 1, 15, 9, NULL, NULL, '2019-12-21 18:25:35', 'superuser', '2019-12-21 18:25:35', 'superuser'),
	(26782, 1, 15, 10, NULL, NULL, '2019-12-21 18:25:35', 'superuser', '2019-12-21 18:25:35', 'superuser'),
	(26783, 1, 15, 11, NULL, NULL, '2019-12-21 18:25:35', 'superuser', '2019-12-21 18:25:35', 'superuser'),
	(26784, 1, 16, 1, NULL, NULL, '2019-12-21 18:25:35', 'superuser', '2019-12-21 18:25:35', 'superuser'),
	(26785, 1, 16, 2, NULL, NULL, '2019-12-21 18:25:35', 'superuser', '2019-12-21 18:25:35', 'superuser'),
	(26786, 1, 16, 3, NULL, NULL, '2019-12-21 18:25:35', 'superuser', '2019-12-21 18:25:35', 'superuser'),
	(26787, 1, 16, 4, NULL, NULL, '2019-12-21 18:25:35', 'superuser', '2019-12-21 18:25:35', 'superuser'),
	(26788, 1, 16, 5, NULL, NULL, '2019-12-21 18:25:35', 'superuser', '2019-12-21 18:25:35', 'superuser'),
	(26789, 1, 16, 6, NULL, NULL, '2019-12-21 18:25:35', 'superuser', '2019-12-21 18:25:35', 'superuser'),
	(26790, 1, 16, 7, NULL, NULL, '2019-12-21 18:25:35', 'superuser', '2019-12-21 18:25:35', 'superuser'),
	(26791, 1, 16, 8, NULL, NULL, '2019-12-21 18:25:35', 'superuser', '2019-12-21 18:25:35', 'superuser'),
	(26792, 1, 16, 9, NULL, NULL, '2019-12-21 18:25:35', 'superuser', '2019-12-21 18:25:35', 'superuser'),
	(26793, 1, 16, 10, NULL, NULL, '2019-12-21 18:25:35', 'superuser', '2019-12-21 18:25:35', 'superuser'),
	(26794, 1, 16, 11, NULL, NULL, '2019-12-21 18:25:35', 'superuser', '2019-12-21 18:25:35', 'superuser'),
	(26795, 1, 17, 1, NULL, NULL, '2019-12-21 18:25:35', 'superuser', '2019-12-21 18:25:35', 'superuser'),
	(26796, 1, 17, 2, NULL, NULL, '2019-12-21 18:25:35', 'superuser', '2019-12-21 18:25:35', 'superuser'),
	(26797, 1, 17, 3, NULL, NULL, '2019-12-21 18:25:35', 'superuser', '2019-12-21 18:25:35', 'superuser'),
	(26798, 1, 17, 4, NULL, NULL, '2019-12-21 18:25:35', 'superuser', '2019-12-21 18:25:35', 'superuser'),
	(26799, 1, 17, 5, NULL, NULL, '2019-12-21 18:25:35', 'superuser', '2019-12-21 18:25:35', 'superuser'),
	(26800, 1, 17, 6, NULL, NULL, '2019-12-21 18:25:35', 'superuser', '2019-12-21 18:25:35', 'superuser'),
	(26801, 1, 17, 7, NULL, NULL, '2019-12-21 18:25:35', 'superuser', '2019-12-21 18:25:35', 'superuser'),
	(26802, 1, 17, 8, NULL, NULL, '2019-12-21 18:25:35', 'superuser', '2019-12-21 18:25:35', 'superuser'),
	(26803, 1, 17, 9, NULL, NULL, '2019-12-21 18:25:35', 'superuser', '2019-12-21 18:25:35', 'superuser'),
	(26804, 1, 17, 10, NULL, NULL, '2019-12-21 18:25:35', 'superuser', '2019-12-21 18:25:35', 'superuser'),
	(26805, 1, 17, 11, NULL, NULL, '2019-12-21 18:25:35', 'superuser', '2019-12-21 18:25:35', 'superuser'),
	(26806, 1, 18, 1, NULL, NULL, '2019-12-21 18:25:35', 'superuser', '2019-12-21 18:25:35', 'superuser'),
	(26807, 1, 18, 2, NULL, NULL, '2019-12-21 18:25:35', 'superuser', '2019-12-21 18:25:35', 'superuser'),
	(26808, 1, 18, 3, NULL, NULL, '2019-12-21 18:25:35', 'superuser', '2019-12-21 18:25:35', 'superuser'),
	(26809, 1, 18, 4, NULL, NULL, '2019-12-21 18:25:35', 'superuser', '2019-12-21 18:25:35', 'superuser'),
	(26810, 1, 18, 5, NULL, NULL, '2019-12-21 18:25:35', 'superuser', '2019-12-21 18:25:35', 'superuser'),
	(26811, 1, 18, 6, NULL, NULL, '2019-12-21 18:25:35', 'superuser', '2019-12-21 18:25:35', 'superuser'),
	(26812, 1, 18, 7, NULL, NULL, '2019-12-21 18:25:35', 'superuser', '2019-12-21 18:25:35', 'superuser'),
	(26813, 1, 18, 8, NULL, NULL, '2019-12-21 18:25:35', 'superuser', '2019-12-21 18:25:35', 'superuser'),
	(26814, 1, 18, 9, NULL, NULL, '2019-12-21 18:25:35', 'superuser', '2019-12-21 18:25:35', 'superuser'),
	(26815, 1, 18, 10, NULL, NULL, '2019-12-21 18:25:35', 'superuser', '2019-12-21 18:25:35', 'superuser'),
	(26816, 1, 18, 11, NULL, NULL, '2019-12-21 18:25:35', 'superuser', '2019-12-21 18:25:35', 'superuser'),
	(26817, 1, 19, 1, NULL, NULL, '2019-12-21 18:25:35', 'superuser', '2019-12-21 18:25:35', 'superuser'),
	(26818, 1, 19, 2, NULL, NULL, '2019-12-21 18:25:35', 'superuser', '2019-12-21 18:25:35', 'superuser'),
	(26819, 1, 19, 3, NULL, NULL, '2019-12-21 18:25:35', 'superuser', '2019-12-21 18:25:35', 'superuser'),
	(26820, 1, 19, 4, NULL, NULL, '2019-12-21 18:25:35', 'superuser', '2019-12-21 18:25:35', 'superuser'),
	(26821, 1, 19, 5, NULL, NULL, '2019-12-21 18:25:35', 'superuser', '2019-12-21 18:25:35', 'superuser'),
	(26822, 1, 19, 6, NULL, NULL, '2019-12-21 18:25:35', 'superuser', '2019-12-21 18:25:35', 'superuser'),
	(26823, 1, 19, 7, NULL, NULL, '2019-12-21 18:25:35', 'superuser', '2019-12-21 18:25:35', 'superuser'),
	(26824, 1, 19, 8, NULL, NULL, '2019-12-21 18:25:35', 'superuser', '2019-12-21 18:25:35', 'superuser'),
	(26825, 1, 19, 9, NULL, NULL, '2019-12-21 18:25:35', 'superuser', '2019-12-21 18:25:35', 'superuser'),
	(26826, 1, 19, 10, NULL, NULL, '2019-12-21 18:25:35', 'superuser', '2019-12-21 18:25:35', 'superuser'),
	(26827, 1, 19, 11, NULL, NULL, '2019-12-21 18:25:35', 'superuser', '2019-12-21 18:25:35', 'superuser'),
	(26828, 1, 20, 1, NULL, NULL, '2019-12-21 18:25:35', 'superuser', '2019-12-21 18:25:35', 'superuser'),
	(26829, 1, 20, 2, NULL, NULL, '2019-12-21 18:25:35', 'superuser', '2019-12-21 18:25:35', 'superuser'),
	(26830, 1, 20, 3, NULL, NULL, '2019-12-21 18:25:35', 'superuser', '2019-12-21 18:25:35', 'superuser'),
	(26831, 1, 20, 4, NULL, NULL, '2019-12-21 18:25:35', 'superuser', '2019-12-21 18:25:35', 'superuser'),
	(26832, 1, 20, 5, NULL, NULL, '2019-12-21 18:25:35', 'superuser', '2019-12-21 18:25:35', 'superuser'),
	(26833, 1, 20, 6, NULL, NULL, '2019-12-21 18:25:35', 'superuser', '2019-12-21 18:25:35', 'superuser'),
	(26834, 1, 20, 7, NULL, NULL, '2019-12-21 18:25:35', 'superuser', '2019-12-21 18:25:35', 'superuser'),
	(26835, 1, 20, 8, NULL, NULL, '2019-12-21 18:25:35', 'superuser', '2019-12-21 18:25:35', 'superuser'),
	(26836, 1, 20, 9, NULL, NULL, '2019-12-21 18:25:35', 'superuser', '2019-12-21 18:25:35', 'superuser'),
	(26837, 1, 20, 10, NULL, NULL, '2019-12-21 18:25:35', 'superuser', '2019-12-21 18:25:35', 'superuser'),
	(26838, 1, 20, 11, NULL, NULL, '2019-12-21 18:25:35', 'superuser', '2019-12-21 18:25:35', 'superuser'),
	(26839, 1, 21, 1, NULL, NULL, '2019-12-21 18:25:35', 'superuser', '2019-12-21 18:25:35', 'superuser'),
	(26840, 1, 21, 2, NULL, NULL, '2019-12-21 18:25:35', 'superuser', '2019-12-21 18:25:35', 'superuser'),
	(26841, 1, 21, 3, NULL, NULL, '2019-12-21 18:25:35', 'superuser', '2019-12-21 18:25:35', 'superuser'),
	(26842, 1, 21, 4, NULL, NULL, '2019-12-21 18:25:35', 'superuser', '2019-12-21 18:25:35', 'superuser'),
	(26843, 1, 21, 5, NULL, NULL, '2019-12-21 18:25:35', 'superuser', '2019-12-21 18:25:35', 'superuser'),
	(26844, 1, 21, 6, NULL, NULL, '2019-12-21 18:25:35', 'superuser', '2019-12-21 18:25:35', 'superuser'),
	(26845, 1, 21, 7, NULL, NULL, '2019-12-21 18:25:35', 'superuser', '2019-12-21 18:25:35', 'superuser'),
	(26846, 1, 21, 8, NULL, NULL, '2019-12-21 18:25:35', 'superuser', '2019-12-21 18:25:35', 'superuser'),
	(26847, 1, 21, 9, NULL, NULL, '2019-12-21 18:25:35', 'superuser', '2019-12-21 18:25:35', 'superuser'),
	(26848, 1, 21, 10, NULL, NULL, '2019-12-21 18:25:35', 'superuser', '2019-12-21 18:25:35', 'superuser'),
	(26849, 1, 21, 11, NULL, NULL, '2019-12-21 18:25:35', 'superuser', '2019-12-21 18:25:35', 'superuser'),
	(26850, 1, 22, 1, NULL, NULL, '2019-12-21 18:25:35', 'superuser', '2019-12-21 18:25:35', 'superuser'),
	(26851, 1, 22, 2, NULL, NULL, '2019-12-21 18:25:35', 'superuser', '2019-12-21 18:25:35', 'superuser'),
	(26852, 1, 22, 3, NULL, NULL, '2019-12-21 18:25:35', 'superuser', '2019-12-21 18:25:35', 'superuser'),
	(26853, 1, 22, 4, NULL, NULL, '2019-12-21 18:25:35', 'superuser', '2019-12-21 18:25:35', 'superuser'),
	(26854, 1, 22, 5, NULL, NULL, '2019-12-21 18:25:35', 'superuser', '2019-12-21 18:25:35', 'superuser'),
	(26855, 1, 22, 6, NULL, NULL, '2019-12-21 18:25:35', 'superuser', '2019-12-21 18:25:35', 'superuser'),
	(26856, 1, 22, 7, NULL, NULL, '2019-12-21 18:25:35', 'superuser', '2019-12-21 18:25:35', 'superuser'),
	(26857, 1, 22, 8, NULL, NULL, '2019-12-21 18:25:35', 'superuser', '2019-12-21 18:25:35', 'superuser'),
	(26858, 1, 22, 9, NULL, NULL, '2019-12-21 18:25:35', 'superuser', '2019-12-21 18:25:35', 'superuser'),
	(26859, 1, 22, 10, NULL, NULL, '2019-12-21 18:25:35', 'superuser', '2019-12-21 18:25:35', 'superuser'),
	(26860, 1, 22, 11, NULL, NULL, '2019-12-21 18:25:35', 'superuser', '2019-12-21 18:25:35', 'superuser'),
	(26861, 1, 23, 1, NULL, NULL, '2019-12-21 18:25:35', 'superuser', '2019-12-21 18:25:35', 'superuser'),
	(26862, 1, 23, 2, NULL, NULL, '2019-12-21 18:25:35', 'superuser', '2019-12-21 18:25:35', 'superuser'),
	(26863, 1, 23, 3, NULL, NULL, '2019-12-21 18:25:35', 'superuser', '2019-12-21 18:25:35', 'superuser'),
	(26864, 1, 23, 4, NULL, NULL, '2019-12-21 18:25:35', 'superuser', '2019-12-21 18:25:35', 'superuser'),
	(26865, 1, 23, 5, NULL, NULL, '2019-12-21 18:25:35', 'superuser', '2019-12-21 18:25:35', 'superuser'),
	(26866, 1, 23, 6, NULL, NULL, '2019-12-21 18:25:35', 'superuser', '2019-12-21 18:25:35', 'superuser'),
	(26867, 1, 23, 7, NULL, NULL, '2019-12-21 18:25:35', 'superuser', '2019-12-21 18:25:35', 'superuser'),
	(26868, 1, 23, 8, NULL, NULL, '2019-12-21 18:25:35', 'superuser', '2019-12-21 18:25:35', 'superuser'),
	(26869, 1, 23, 9, NULL, NULL, '2019-12-21 18:25:35', 'superuser', '2019-12-21 18:25:35', 'superuser'),
	(26870, 1, 23, 10, NULL, NULL, '2019-12-21 18:25:35', 'superuser', '2019-12-21 18:25:35', 'superuser'),
	(26871, 1, 23, 11, NULL, NULL, '2019-12-21 18:25:35', 'superuser', '2019-12-21 18:25:35', 'superuser'),
	(26872, 1, 24, 1, NULL, NULL, '2019-12-21 18:25:35', 'superuser', '2019-12-21 18:25:35', 'superuser'),
	(26873, 1, 24, 2, NULL, NULL, '2019-12-21 18:25:35', 'superuser', '2019-12-21 18:25:35', 'superuser'),
	(26874, 1, 24, 3, NULL, NULL, '2019-12-21 18:25:35', 'superuser', '2019-12-21 18:25:35', 'superuser'),
	(26875, 1, 24, 4, NULL, NULL, '2019-12-21 18:25:35', 'superuser', '2019-12-21 18:25:35', 'superuser'),
	(26876, 1, 24, 5, NULL, NULL, '2019-12-21 18:25:35', 'superuser', '2019-12-21 18:25:35', 'superuser'),
	(26877, 1, 24, 6, NULL, NULL, '2019-12-21 18:25:35', 'superuser', '2019-12-21 18:25:35', 'superuser'),
	(26878, 1, 24, 7, NULL, NULL, '2019-12-21 18:25:35', 'superuser', '2019-12-21 18:25:35', 'superuser'),
	(26879, 1, 24, 8, NULL, NULL, '2019-12-21 18:25:35', 'superuser', '2019-12-21 18:25:35', 'superuser'),
	(26880, 1, 24, 9, NULL, NULL, '2019-12-21 18:25:35', 'superuser', '2019-12-21 18:25:35', 'superuser'),
	(26881, 1, 24, 10, NULL, NULL, '2019-12-21 18:25:35', 'superuser', '2019-12-21 18:25:35', 'superuser'),
	(26882, 1, 24, 11, NULL, NULL, '2019-12-21 18:25:35', 'superuser', '2019-12-21 18:25:35', 'superuser'),
	(26883, 1, 25, 1, NULL, NULL, '2019-12-21 18:25:35', 'superuser', '2019-12-21 18:25:35', 'superuser'),
	(26884, 1, 25, 2, NULL, NULL, '2019-12-21 18:25:35', 'superuser', '2019-12-21 18:25:35', 'superuser'),
	(26885, 1, 25, 3, NULL, NULL, '2019-12-21 18:25:35', 'superuser', '2019-12-21 18:25:35', 'superuser'),
	(26886, 1, 25, 4, NULL, NULL, '2019-12-21 18:25:35', 'superuser', '2019-12-21 18:25:35', 'superuser'),
	(26887, 1, 25, 5, NULL, NULL, '2019-12-21 18:25:35', 'superuser', '2019-12-21 18:25:35', 'superuser'),
	(26888, 1, 25, 6, NULL, NULL, '2019-12-21 18:25:35', 'superuser', '2019-12-21 18:25:35', 'superuser'),
	(26889, 1, 25, 7, NULL, NULL, '2019-12-21 18:25:35', 'superuser', '2019-12-21 18:25:35', 'superuser'),
	(26890, 1, 25, 8, NULL, NULL, '2019-12-21 18:25:35', 'superuser', '2019-12-21 18:25:35', 'superuser'),
	(26891, 1, 25, 9, NULL, NULL, '2019-12-21 18:25:35', 'superuser', '2019-12-21 18:25:35', 'superuser'),
	(26892, 1, 25, 10, NULL, NULL, '2019-12-21 18:25:35', 'superuser', '2019-12-21 18:25:35', 'superuser'),
	(26893, 1, 25, 11, NULL, NULL, '2019-12-21 18:25:35', 'superuser', '2019-12-21 18:25:35', 'superuser'),
	(26894, 1, 26, 1, NULL, NULL, '2019-12-21 18:25:35', 'superuser', '2019-12-21 18:25:35', 'superuser'),
	(26895, 1, 26, 2, NULL, NULL, '2019-12-21 18:25:35', 'superuser', '2019-12-21 18:25:35', 'superuser'),
	(26896, 1, 26, 3, NULL, NULL, '2019-12-21 18:25:35', 'superuser', '2019-12-21 18:25:35', 'superuser'),
	(26897, 1, 26, 4, NULL, NULL, '2019-12-21 18:25:35', 'superuser', '2019-12-21 18:25:35', 'superuser'),
	(26898, 1, 26, 5, NULL, NULL, '2019-12-21 18:25:35', 'superuser', '2019-12-21 18:25:35', 'superuser'),
	(26899, 1, 26, 6, NULL, NULL, '2019-12-21 18:25:35', 'superuser', '2019-12-21 18:25:35', 'superuser'),
	(26900, 1, 26, 7, NULL, NULL, '2019-12-21 18:25:35', 'superuser', '2019-12-21 18:25:35', 'superuser'),
	(26901, 1, 26, 8, NULL, NULL, '2019-12-21 18:25:35', 'superuser', '2019-12-21 18:25:35', 'superuser'),
	(26902, 1, 26, 9, NULL, NULL, '2019-12-21 18:25:35', 'superuser', '2019-12-21 18:25:35', 'superuser'),
	(26903, 1, 26, 10, NULL, NULL, '2019-12-21 18:25:35', 'superuser', '2019-12-21 18:25:35', 'superuser'),
	(26904, 1, 26, 11, NULL, NULL, '2019-12-21 18:25:35', 'superuser', '2019-12-21 18:25:35', 'superuser'),
	(26905, 1, 27, 1, NULL, NULL, '2019-12-21 18:25:35', 'superuser', '2019-12-21 18:25:35', 'superuser'),
	(26906, 1, 27, 2, NULL, NULL, '2019-12-21 18:25:35', 'superuser', '2019-12-21 18:25:35', 'superuser'),
	(26907, 1, 27, 3, NULL, NULL, '2019-12-21 18:25:35', 'superuser', '2019-12-21 18:25:35', 'superuser'),
	(26908, 1, 27, 4, NULL, NULL, '2019-12-21 18:25:35', 'superuser', '2019-12-21 18:25:35', 'superuser'),
	(26909, 1, 27, 5, NULL, NULL, '2019-12-21 18:25:35', 'superuser', '2019-12-21 18:25:35', 'superuser'),
	(26910, 1, 27, 6, NULL, NULL, '2019-12-21 18:25:35', 'superuser', '2019-12-21 18:25:35', 'superuser'),
	(26911, 1, 27, 7, NULL, NULL, '2019-12-21 18:25:35', 'superuser', '2019-12-21 18:25:35', 'superuser'),
	(26912, 1, 27, 8, NULL, NULL, '2019-12-21 18:25:35', 'superuser', '2019-12-21 18:25:35', 'superuser'),
	(26913, 1, 27, 9, NULL, NULL, '2019-12-21 18:25:35', 'superuser', '2019-12-21 18:25:35', 'superuser'),
	(26914, 1, 27, 10, NULL, NULL, '2019-12-21 18:25:35', 'superuser', '2019-12-21 18:25:35', 'superuser'),
	(26915, 1, 27, 11, NULL, NULL, '2019-12-21 18:25:35', 'superuser', '2019-12-21 18:25:35', 'superuser'),
	(26916, 1, 28, 1, NULL, NULL, '2019-12-21 18:25:35', 'superuser', '2019-12-21 18:25:35', 'superuser'),
	(26917, 1, 28, 2, NULL, NULL, '2019-12-21 18:25:35', 'superuser', '2019-12-21 18:25:35', 'superuser'),
	(26918, 1, 28, 3, NULL, NULL, '2019-12-21 18:25:35', 'superuser', '2019-12-21 18:25:35', 'superuser'),
	(26919, 1, 28, 4, NULL, NULL, '2019-12-21 18:25:35', 'superuser', '2019-12-21 18:25:35', 'superuser'),
	(26920, 1, 28, 5, NULL, NULL, '2019-12-21 18:25:35', 'superuser', '2019-12-21 18:25:35', 'superuser'),
	(26921, 1, 28, 6, NULL, NULL, '2019-12-21 18:25:35', 'superuser', '2019-12-21 18:25:35', 'superuser'),
	(26922, 1, 28, 7, NULL, NULL, '2019-12-21 18:25:35', 'superuser', '2019-12-21 18:25:35', 'superuser'),
	(26923, 1, 28, 8, NULL, NULL, '2019-12-21 18:25:35', 'superuser', '2019-12-21 18:25:35', 'superuser'),
	(26924, 1, 28, 9, NULL, NULL, '2019-12-21 18:25:35', 'superuser', '2019-12-21 18:25:35', 'superuser'),
	(26925, 1, 28, 10, NULL, NULL, '2019-12-21 18:25:35', 'superuser', '2019-12-21 18:25:35', 'superuser'),
	(26926, 1, 28, 11, NULL, NULL, '2019-12-21 18:25:35', 'superuser', '2019-12-21 18:25:35', 'superuser'),
	(26927, 1, 29, 1, NULL, NULL, '2019-12-21 18:25:35', 'superuser', '2019-12-21 18:25:35', 'superuser'),
	(26928, 1, 29, 2, NULL, NULL, '2019-12-21 18:25:35', 'superuser', '2019-12-21 18:25:35', 'superuser'),
	(26929, 1, 29, 3, NULL, NULL, '2019-12-21 18:25:35', 'superuser', '2019-12-21 18:25:35', 'superuser'),
	(26930, 1, 29, 4, NULL, NULL, '2019-12-21 18:25:35', 'superuser', '2019-12-21 18:25:35', 'superuser'),
	(26931, 1, 29, 5, NULL, NULL, '2019-12-21 18:25:35', 'superuser', '2019-12-21 18:25:35', 'superuser'),
	(26932, 1, 29, 6, NULL, NULL, '2019-12-21 18:25:35', 'superuser', '2019-12-21 18:25:35', 'superuser'),
	(26933, 1, 29, 7, NULL, NULL, '2019-12-21 18:25:35', 'superuser', '2019-12-21 18:25:35', 'superuser'),
	(26934, 1, 29, 8, NULL, NULL, '2019-12-21 18:25:35', 'superuser', '2019-12-21 18:25:35', 'superuser'),
	(26935, 1, 29, 9, NULL, NULL, '2019-12-21 18:25:35', 'superuser', '2019-12-21 18:25:35', 'superuser'),
	(26936, 1, 29, 10, NULL, NULL, '2019-12-21 18:25:35', 'superuser', '2019-12-21 18:25:35', 'superuser'),
	(26937, 1, 29, 11, NULL, NULL, '2019-12-21 18:25:35', 'superuser', '2019-12-21 18:25:35', 'superuser'),
	(26938, 1, 30, 1, NULL, NULL, '2019-12-21 18:25:35', 'superuser', '2019-12-21 18:25:35', 'superuser'),
	(26939, 1, 30, 2, NULL, NULL, '2019-12-21 18:25:35', 'superuser', '2019-12-21 18:25:35', 'superuser'),
	(26940, 1, 30, 3, NULL, NULL, '2019-12-21 18:25:35', 'superuser', '2019-12-21 18:25:35', 'superuser'),
	(26941, 1, 30, 4, NULL, NULL, '2019-12-21 18:25:35', 'superuser', '2019-12-21 18:25:35', 'superuser'),
	(26942, 1, 30, 5, NULL, NULL, '2019-12-21 18:25:35', 'superuser', '2019-12-21 18:25:35', 'superuser'),
	(26943, 1, 30, 6, NULL, NULL, '2019-12-21 18:25:35', 'superuser', '2019-12-21 18:25:35', 'superuser'),
	(26944, 1, 30, 7, NULL, NULL, '2019-12-21 18:25:35', 'superuser', '2019-12-21 18:25:35', 'superuser'),
	(26945, 1, 30, 8, NULL, NULL, '2019-12-21 18:25:35', 'superuser', '2019-12-21 18:25:35', 'superuser'),
	(26946, 1, 30, 9, NULL, NULL, '2019-12-21 18:25:35', 'superuser', '2019-12-21 18:25:35', 'superuser'),
	(26947, 1, 30, 10, NULL, NULL, '2019-12-21 18:25:35', 'superuser', '2019-12-21 18:25:35', 'superuser'),
	(26948, 1, 30, 11, NULL, NULL, '2019-12-21 18:25:35', 'superuser', '2019-12-21 18:25:35', 'superuser'),
	(26949, 1, 31, 1, NULL, NULL, '2019-12-21 18:25:35', 'superuser', '2019-12-21 18:25:35', 'superuser'),
	(26950, 1, 31, 2, NULL, NULL, '2019-12-21 18:25:35', 'superuser', '2019-12-21 18:25:35', 'superuser'),
	(26951, 1, 31, 3, NULL, NULL, '2019-12-21 18:25:35', 'superuser', '2019-12-21 18:25:35', 'superuser'),
	(26952, 1, 31, 4, NULL, NULL, '2019-12-21 18:25:35', 'superuser', '2019-12-21 18:25:35', 'superuser'),
	(26953, 1, 31, 5, NULL, NULL, '2019-12-21 18:25:35', 'superuser', '2019-12-21 18:25:35', 'superuser'),
	(26954, 1, 31, 6, NULL, NULL, '2019-12-21 18:25:35', 'superuser', '2019-12-21 18:25:35', 'superuser'),
	(26955, 1, 31, 7, NULL, NULL, '2019-12-21 18:25:35', 'superuser', '2019-12-21 18:25:35', 'superuser'),
	(26956, 1, 31, 8, NULL, NULL, '2019-12-21 18:25:35', 'superuser', '2019-12-21 18:25:35', 'superuser'),
	(26957, 1, 31, 9, NULL, NULL, '2019-12-21 18:25:35', 'superuser', '2019-12-21 18:25:35', 'superuser'),
	(26958, 1, 31, 10, NULL, NULL, '2019-12-21 18:25:35', 'superuser', '2019-12-21 18:25:35', 'superuser'),
	(26959, 1, 31, 11, NULL, NULL, '2019-12-21 18:25:35', 'superuser', '2019-12-21 18:25:35', 'superuser'),
	(26960, 1, 32, 1, NULL, NULL, '2019-12-21 18:25:35', 'superuser', '2019-12-21 18:25:35', 'superuser'),
	(26961, 1, 32, 2, NULL, NULL, '2019-12-21 18:25:35', 'superuser', '2019-12-21 18:25:35', 'superuser'),
	(26962, 1, 32, 3, NULL, NULL, '2019-12-21 18:25:35', 'superuser', '2019-12-21 18:25:35', 'superuser'),
	(26963, 1, 32, 4, NULL, NULL, '2019-12-21 18:25:35', 'superuser', '2019-12-21 18:25:35', 'superuser'),
	(26964, 1, 32, 5, NULL, NULL, '2019-12-21 18:25:35', 'superuser', '2019-12-21 18:25:35', 'superuser'),
	(26965, 1, 32, 6, NULL, NULL, '2019-12-21 18:25:35', 'superuser', '2019-12-21 18:25:35', 'superuser'),
	(26966, 1, 32, 7, NULL, NULL, '2019-12-21 18:25:35', 'superuser', '2019-12-21 18:25:35', 'superuser'),
	(26967, 1, 32, 8, NULL, NULL, '2019-12-21 18:25:35', 'superuser', '2019-12-21 18:25:35', 'superuser'),
	(26968, 1, 32, 9, NULL, NULL, '2019-12-21 18:25:35', 'superuser', '2019-12-21 18:25:35', 'superuser'),
	(26969, 1, 32, 10, NULL, NULL, '2019-12-21 18:25:35', 'superuser', '2019-12-21 18:25:35', 'superuser'),
	(26970, 1, 32, 11, NULL, NULL, '2019-12-21 18:25:35', 'superuser', '2019-12-21 18:25:35', 'superuser'),
	(26971, 1, 33, 1, NULL, NULL, '2019-12-21 18:25:35', 'superuser', '2019-12-21 18:25:35', 'superuser'),
	(26972, 1, 33, 2, NULL, NULL, '2019-12-21 18:25:35', 'superuser', '2019-12-21 18:25:35', 'superuser'),
	(26973, 1, 33, 3, NULL, NULL, '2019-12-21 18:25:35', 'superuser', '2019-12-21 18:25:35', 'superuser'),
	(26974, 1, 33, 4, NULL, NULL, '2019-12-21 18:25:35', 'superuser', '2019-12-21 18:25:35', 'superuser'),
	(26975, 1, 33, 5, NULL, NULL, '2019-12-21 18:25:35', 'superuser', '2019-12-21 18:25:35', 'superuser'),
	(26976, 1, 33, 6, NULL, NULL, '2019-12-21 18:25:35', 'superuser', '2019-12-21 18:25:35', 'superuser'),
	(26977, 1, 33, 7, NULL, NULL, '2019-12-21 18:25:35', 'superuser', '2019-12-21 18:25:35', 'superuser'),
	(26978, 1, 33, 8, NULL, NULL, '2019-12-21 18:25:35', 'superuser', '2019-12-21 18:25:35', 'superuser'),
	(26979, 1, 33, 9, NULL, NULL, '2019-12-21 18:25:36', 'superuser', '2019-12-21 18:25:36', 'superuser'),
	(26980, 1, 33, 10, NULL, NULL, '2019-12-21 18:25:36', 'superuser', '2019-12-21 18:25:36', 'superuser'),
	(26981, 1, 33, 11, NULL, NULL, '2019-12-21 18:25:36', 'superuser', '2019-12-21 18:25:36', 'superuser'),
	(26982, 1, 34, 1, NULL, NULL, '2019-12-21 18:25:36', 'superuser', '2019-12-21 18:25:36', 'superuser'),
	(26983, 1, 34, 2, NULL, NULL, '2019-12-21 18:25:36', 'superuser', '2019-12-21 18:25:36', 'superuser'),
	(26984, 1, 34, 3, NULL, NULL, '2019-12-21 18:25:36', 'superuser', '2019-12-21 18:25:36', 'superuser'),
	(26985, 1, 34, 4, NULL, NULL, '2019-12-21 18:25:36', 'superuser', '2019-12-21 18:25:36', 'superuser'),
	(26986, 1, 34, 5, NULL, NULL, '2019-12-21 18:25:36', 'superuser', '2019-12-21 18:25:36', 'superuser'),
	(26987, 1, 34, 6, NULL, NULL, '2019-12-21 18:25:36', 'superuser', '2019-12-21 18:25:36', 'superuser'),
	(26988, 1, 34, 7, NULL, NULL, '2019-12-21 18:25:36', 'superuser', '2019-12-21 18:25:36', 'superuser'),
	(26989, 1, 34, 8, NULL, NULL, '2019-12-21 18:25:36', 'superuser', '2019-12-21 18:25:36', 'superuser'),
	(26990, 1, 34, 9, NULL, NULL, '2019-12-21 18:25:36', 'superuser', '2019-12-21 18:25:36', 'superuser'),
	(26991, 1, 34, 10, NULL, NULL, '2019-12-21 18:25:36', 'superuser', '2019-12-21 18:25:36', 'superuser'),
	(26992, 1, 34, 11, NULL, NULL, '2019-12-21 18:25:36', 'superuser', '2019-12-21 18:25:36', 'superuser'),
	(26993, 1, 35, 1, NULL, NULL, '2019-12-21 18:25:36', 'superuser', '2019-12-21 18:25:36', 'superuser'),
	(26994, 1, 35, 2, NULL, NULL, '2019-12-21 18:25:36', 'superuser', '2019-12-21 18:25:36', 'superuser'),
	(26995, 1, 35, 3, NULL, NULL, '2019-12-21 18:25:36', 'superuser', '2019-12-21 18:25:36', 'superuser'),
	(26996, 1, 35, 4, NULL, NULL, '2019-12-21 18:25:36', 'superuser', '2019-12-21 18:25:36', 'superuser'),
	(26997, 1, 35, 5, NULL, NULL, '2019-12-21 18:25:36', 'superuser', '2019-12-21 18:25:36', 'superuser'),
	(26998, 1, 35, 6, NULL, NULL, '2019-12-21 18:25:36', 'superuser', '2019-12-21 18:25:36', 'superuser'),
	(26999, 1, 35, 7, NULL, NULL, '2019-12-21 18:25:36', 'superuser', '2019-12-21 18:25:36', 'superuser'),
	(27000, 1, 35, 8, NULL, NULL, '2019-12-21 18:25:36', 'superuser', '2019-12-21 18:25:36', 'superuser'),
	(27001, 1, 35, 9, NULL, NULL, '2019-12-21 18:25:36', 'superuser', '2019-12-21 18:25:36', 'superuser'),
	(27002, 1, 35, 10, NULL, NULL, '2019-12-21 18:25:36', 'superuser', '2019-12-21 18:25:36', 'superuser'),
	(27003, 1, 35, 11, NULL, NULL, '2019-12-21 18:25:36', 'superuser', '2019-12-21 18:25:36', 'superuser'),
	(27004, 1, 36, 1, NULL, NULL, '2019-12-21 18:25:36', 'superuser', '2019-12-21 18:25:36', 'superuser'),
	(27005, 1, 36, 2, NULL, NULL, '2019-12-21 18:25:36', 'superuser', '2019-12-21 18:25:36', 'superuser'),
	(27006, 1, 36, 3, NULL, NULL, '2019-12-21 18:25:36', 'superuser', '2019-12-21 18:25:36', 'superuser'),
	(27007, 1, 36, 4, NULL, NULL, '2019-12-21 18:25:36', 'superuser', '2019-12-21 18:25:36', 'superuser'),
	(27008, 1, 36, 5, NULL, NULL, '2019-12-21 18:25:36', 'superuser', '2019-12-21 18:25:36', 'superuser'),
	(27009, 1, 36, 6, NULL, NULL, '2019-12-21 18:25:36', 'superuser', '2019-12-21 18:25:36', 'superuser'),
	(27010, 1, 36, 7, NULL, NULL, '2019-12-21 18:25:36', 'superuser', '2019-12-21 18:25:36', 'superuser'),
	(27011, 1, 36, 8, NULL, NULL, '2019-12-21 18:25:36', 'superuser', '2019-12-21 18:25:36', 'superuser'),
	(27012, 1, 36, 9, NULL, NULL, '2019-12-21 18:25:36', 'superuser', '2019-12-21 18:25:36', 'superuser'),
	(27013, 1, 36, 10, NULL, NULL, '2019-12-21 18:25:36', 'superuser', '2019-12-21 18:25:36', 'superuser'),
	(27014, 1, 36, 11, NULL, NULL, '2019-12-21 18:25:36', 'superuser', '2019-12-21 18:25:36', 'superuser'),
	(27015, 1, 37, 1, NULL, NULL, '2019-12-21 18:25:36', 'superuser', '2019-12-21 18:25:36', 'superuser'),
	(27016, 1, 37, 2, NULL, NULL, '2019-12-21 18:25:36', 'superuser', '2019-12-21 18:25:36', 'superuser'),
	(27017, 1, 37, 3, NULL, NULL, '2019-12-21 18:25:36', 'superuser', '2019-12-21 18:25:36', 'superuser'),
	(27018, 1, 37, 4, NULL, NULL, '2019-12-21 18:25:36', 'superuser', '2019-12-21 18:25:36', 'superuser'),
	(27019, 1, 37, 5, NULL, NULL, '2019-12-21 18:25:36', 'superuser', '2019-12-21 18:25:36', 'superuser'),
	(27020, 1, 37, 6, NULL, NULL, '2019-12-21 18:25:36', 'superuser', '2019-12-21 18:25:36', 'superuser'),
	(27021, 1, 37, 7, NULL, NULL, '2019-12-21 18:25:36', 'superuser', '2019-12-21 18:25:36', 'superuser'),
	(27022, 1, 37, 8, NULL, NULL, '2019-12-21 18:25:36', 'superuser', '2019-12-21 18:25:36', 'superuser'),
	(27023, 1, 37, 9, NULL, NULL, '2019-12-21 18:25:36', 'superuser', '2019-12-21 18:25:36', 'superuser'),
	(27024, 1, 37, 10, NULL, NULL, '2019-12-21 18:25:36', 'superuser', '2019-12-21 18:25:36', 'superuser'),
	(27025, 1, 37, 11, NULL, NULL, '2019-12-21 18:25:36', 'superuser', '2019-12-21 18:25:36', 'superuser'),
	(27026, 1, 38, 1, NULL, NULL, '2019-12-21 18:25:36', 'superuser', '2019-12-21 18:25:36', 'superuser'),
	(27027, 1, 38, 2, NULL, NULL, '2019-12-21 18:25:36', 'superuser', '2019-12-21 18:25:36', 'superuser'),
	(27028, 1, 38, 3, NULL, NULL, '2019-12-21 18:25:36', 'superuser', '2019-12-21 18:25:36', 'superuser'),
	(27029, 1, 38, 4, NULL, NULL, '2019-12-21 18:25:36', 'superuser', '2019-12-21 18:25:36', 'superuser'),
	(27030, 1, 38, 5, NULL, NULL, '2019-12-21 18:25:36', 'superuser', '2019-12-21 18:25:36', 'superuser'),
	(27031, 1, 38, 6, NULL, NULL, '2019-12-21 18:25:36', 'superuser', '2019-12-21 18:25:36', 'superuser'),
	(27032, 1, 38, 7, NULL, NULL, '2019-12-21 18:25:36', 'superuser', '2019-12-21 18:25:36', 'superuser'),
	(27033, 1, 38, 8, NULL, NULL, '2019-12-21 18:25:36', 'superuser', '2019-12-21 18:25:36', 'superuser'),
	(27034, 1, 38, 9, NULL, NULL, '2019-12-21 18:25:36', 'superuser', '2019-12-21 18:25:36', 'superuser'),
	(27035, 1, 38, 10, NULL, NULL, '2019-12-21 18:25:36', 'superuser', '2019-12-21 18:25:36', 'superuser'),
	(27036, 1, 38, 11, NULL, NULL, '2019-12-21 18:25:36', 'superuser', '2019-12-21 18:25:36', 'superuser'),
	(27037, 1, 39, 1, NULL, NULL, '2019-12-21 18:25:36', 'superuser', '2019-12-21 18:25:36', 'superuser'),
	(27038, 1, 39, 2, NULL, NULL, '2019-12-21 18:25:36', 'superuser', '2019-12-21 18:25:36', 'superuser'),
	(27039, 1, 39, 3, NULL, NULL, '2019-12-21 18:25:36', 'superuser', '2019-12-21 18:25:36', 'superuser'),
	(27040, 1, 39, 4, NULL, NULL, '2019-12-21 18:25:36', 'superuser', '2019-12-21 18:25:36', 'superuser'),
	(27041, 1, 39, 5, NULL, NULL, '2019-12-21 18:25:36', 'superuser', '2019-12-21 18:25:36', 'superuser'),
	(27042, 1, 39, 6, NULL, NULL, '2019-12-21 18:25:36', 'superuser', '2019-12-21 18:25:36', 'superuser'),
	(27043, 1, 39, 7, NULL, NULL, '2019-12-21 18:25:36', 'superuser', '2019-12-21 18:25:36', 'superuser'),
	(27044, 1, 39, 8, NULL, NULL, '2019-12-21 18:25:36', 'superuser', '2019-12-21 18:25:36', 'superuser'),
	(27045, 1, 39, 9, NULL, NULL, '2019-12-21 18:25:36', 'superuser', '2019-12-21 18:25:36', 'superuser'),
	(27046, 1, 39, 10, NULL, NULL, '2019-12-21 18:25:36', 'superuser', '2019-12-21 18:25:36', 'superuser'),
	(27047, 1, 39, 11, NULL, NULL, '2019-12-21 18:25:36', 'superuser', '2019-12-21 18:25:36', 'superuser'),
	(27048, 1, 40, 1, NULL, NULL, '2019-12-21 18:25:36', 'superuser', '2019-12-21 18:25:36', 'superuser'),
	(27049, 1, 40, 2, NULL, NULL, '2019-12-21 18:25:36', 'superuser', '2019-12-21 18:25:36', 'superuser'),
	(27050, 1, 40, 3, NULL, NULL, '2019-12-21 18:25:36', 'superuser', '2019-12-21 18:25:36', 'superuser'),
	(27051, 1, 40, 4, NULL, NULL, '2019-12-21 18:25:36', 'superuser', '2019-12-21 18:25:36', 'superuser'),
	(27052, 1, 40, 5, NULL, NULL, '2019-12-21 18:25:36', 'superuser', '2019-12-21 18:25:36', 'superuser'),
	(27053, 1, 40, 6, NULL, NULL, '2019-12-21 18:25:36', 'superuser', '2019-12-21 18:25:36', 'superuser'),
	(27054, 1, 40, 7, NULL, NULL, '2019-12-21 18:25:36', 'superuser', '2019-12-21 18:25:36', 'superuser'),
	(27055, 1, 40, 8, NULL, NULL, '2019-12-21 18:25:36', 'superuser', '2019-12-21 18:25:36', 'superuser'),
	(27056, 1, 40, 9, NULL, NULL, '2019-12-21 18:25:36', 'superuser', '2019-12-21 18:25:36', 'superuser'),
	(27057, 1, 40, 10, NULL, NULL, '2019-12-21 18:25:36', 'superuser', '2019-12-21 18:25:36', 'superuser'),
	(27058, 1, 40, 11, NULL, NULL, '2019-12-21 18:25:36', 'superuser', '2019-12-21 18:25:36', 'superuser'),
	(27059, 1, 41, 1, NULL, NULL, '2019-12-21 18:25:36', 'superuser', '2019-12-21 18:25:36', 'superuser'),
	(27060, 1, 41, 2, NULL, NULL, '2019-12-21 18:25:36', 'superuser', '2019-12-21 18:25:36', 'superuser'),
	(27061, 1, 41, 3, NULL, NULL, '2019-12-21 18:25:36', 'superuser', '2019-12-21 18:25:36', 'superuser'),
	(27062, 1, 41, 4, NULL, NULL, '2019-12-21 18:25:36', 'superuser', '2019-12-21 18:25:36', 'superuser'),
	(27063, 1, 41, 5, NULL, NULL, '2019-12-21 18:25:36', 'superuser', '2019-12-21 18:25:36', 'superuser'),
	(27064, 1, 41, 6, NULL, NULL, '2019-12-21 18:25:36', 'superuser', '2019-12-21 18:25:36', 'superuser'),
	(27065, 1, 41, 7, NULL, NULL, '2019-12-21 18:25:36', 'superuser', '2019-12-21 18:25:36', 'superuser'),
	(27066, 1, 41, 8, NULL, NULL, '2019-12-21 18:25:36', 'superuser', '2019-12-21 18:25:36', 'superuser'),
	(27067, 1, 41, 9, NULL, NULL, '2019-12-21 18:25:36', 'superuser', '2019-12-21 18:25:36', 'superuser'),
	(27068, 1, 41, 10, NULL, NULL, '2019-12-21 18:25:36', 'superuser', '2019-12-21 18:25:36', 'superuser'),
	(27069, 1, 41, 11, NULL, NULL, '2019-12-21 18:25:36', 'superuser', '2019-12-21 18:25:36', 'superuser'),
	(27070, 1, 42, 1, NULL, NULL, '2019-12-21 18:25:36', 'superuser', '2019-12-21 18:25:36', 'superuser'),
	(27071, 1, 42, 2, NULL, NULL, '2019-12-21 18:25:36', 'superuser', '2019-12-21 18:25:36', 'superuser'),
	(27072, 1, 42, 3, NULL, NULL, '2019-12-21 18:25:36', 'superuser', '2019-12-21 18:25:36', 'superuser'),
	(27073, 1, 42, 4, NULL, NULL, '2019-12-21 18:25:36', 'superuser', '2019-12-21 18:25:36', 'superuser'),
	(27074, 1, 42, 5, NULL, NULL, '2019-12-21 18:25:36', 'superuser', '2019-12-21 18:25:36', 'superuser'),
	(27075, 1, 42, 6, NULL, NULL, '2019-12-21 18:25:36', 'superuser', '2019-12-21 18:25:36', 'superuser'),
	(27076, 1, 42, 7, NULL, NULL, '2019-12-21 18:25:36', 'superuser', '2019-12-21 18:25:36', 'superuser'),
	(27077, 1, 42, 8, NULL, NULL, '2019-12-21 18:25:36', 'superuser', '2019-12-21 18:25:36', 'superuser'),
	(27078, 1, 42, 9, NULL, NULL, '2019-12-21 18:25:36', 'superuser', '2019-12-21 18:25:36', 'superuser'),
	(27079, 1, 42, 10, NULL, NULL, '2019-12-21 18:25:36', 'superuser', '2019-12-21 18:25:36', 'superuser'),
	(27080, 1, 42, 11, NULL, NULL, '2019-12-21 18:25:36', 'superuser', '2019-12-21 18:25:36', 'superuser'),
	(27081, 1, 43, 1, NULL, NULL, '2019-12-21 18:25:36', 'superuser', '2019-12-21 18:25:36', 'superuser'),
	(27082, 1, 43, 2, NULL, NULL, '2019-12-21 18:25:36', 'superuser', '2019-12-21 18:25:36', 'superuser'),
	(27083, 1, 43, 3, NULL, NULL, '2019-12-21 18:25:36', 'superuser', '2019-12-21 18:25:36', 'superuser'),
	(27084, 1, 43, 4, NULL, NULL, '2019-12-21 18:25:36', 'superuser', '2019-12-21 18:25:36', 'superuser'),
	(27085, 1, 43, 5, NULL, NULL, '2019-12-21 18:25:36', 'superuser', '2019-12-21 18:25:36', 'superuser'),
	(27086, 1, 43, 6, NULL, NULL, '2019-12-21 18:25:36', 'superuser', '2019-12-21 18:25:36', 'superuser'),
	(27087, 1, 43, 7, NULL, NULL, '2019-12-21 18:25:36', 'superuser', '2019-12-21 18:25:36', 'superuser'),
	(27088, 1, 43, 8, NULL, NULL, '2019-12-21 18:25:36', 'superuser', '2019-12-21 18:25:36', 'superuser'),
	(27089, 1, 43, 9, NULL, NULL, '2019-12-21 18:25:36', 'superuser', '2019-12-21 18:25:36', 'superuser'),
	(27090, 1, 43, 10, NULL, NULL, '2019-12-21 18:25:36', 'superuser', '2019-12-21 18:25:36', 'superuser'),
	(27091, 1, 43, 11, NULL, NULL, '2019-12-21 18:25:36', 'superuser', '2019-12-21 18:25:36', 'superuser'),
	(27092, 1, 44, 1, NULL, NULL, '2019-12-21 18:25:36', 'superuser', '2019-12-21 18:25:36', 'superuser'),
	(27093, 1, 44, 2, NULL, NULL, '2019-12-21 18:25:36', 'superuser', '2019-12-21 18:25:36', 'superuser'),
	(27094, 1, 44, 3, NULL, NULL, '2019-12-21 18:25:36', 'superuser', '2019-12-21 18:25:36', 'superuser'),
	(27095, 1, 44, 4, NULL, NULL, '2019-12-21 18:25:36', 'superuser', '2019-12-21 18:25:36', 'superuser'),
	(27096, 1, 44, 5, NULL, NULL, '2019-12-21 18:25:36', 'superuser', '2019-12-21 18:25:36', 'superuser'),
	(27097, 1, 44, 6, NULL, NULL, '2019-12-21 18:25:36', 'superuser', '2019-12-21 18:25:36', 'superuser'),
	(27098, 1, 44, 7, NULL, NULL, '2019-12-21 18:25:36', 'superuser', '2019-12-21 18:25:36', 'superuser'),
	(27099, 1, 44, 8, NULL, NULL, '2019-12-21 18:25:36', 'superuser', '2019-12-21 18:25:36', 'superuser'),
	(27100, 1, 44, 9, NULL, NULL, '2019-12-21 18:25:36', 'superuser', '2019-12-21 18:25:36', 'superuser'),
	(27101, 1, 44, 10, NULL, NULL, '2019-12-21 18:25:36', 'superuser', '2019-12-21 18:25:36', 'superuser'),
	(27102, 1, 44, 11, NULL, NULL, '2019-12-21 18:25:36', 'superuser', '2019-12-21 18:25:36', 'superuser'),
	(27103, 1, 45, 1, NULL, NULL, '2019-12-21 18:25:36', 'superuser', '2019-12-21 18:25:36', 'superuser'),
	(27104, 1, 45, 2, NULL, NULL, '2019-12-21 18:25:36', 'superuser', '2019-12-21 18:25:36', 'superuser'),
	(27105, 1, 45, 3, NULL, NULL, '2019-12-21 18:25:36', 'superuser', '2019-12-21 18:25:36', 'superuser'),
	(27106, 1, 45, 4, NULL, NULL, '2019-12-21 18:25:36', 'superuser', '2019-12-21 18:25:36', 'superuser'),
	(27107, 1, 45, 5, NULL, NULL, '2019-12-21 18:25:36', 'superuser', '2019-12-21 18:25:36', 'superuser'),
	(27108, 1, 45, 6, NULL, NULL, '2019-12-21 18:25:36', 'superuser', '2019-12-21 18:25:36', 'superuser'),
	(27109, 1, 45, 7, NULL, NULL, '2019-12-21 18:25:36', 'superuser', '2019-12-21 18:25:36', 'superuser'),
	(27110, 1, 45, 8, NULL, NULL, '2019-12-21 18:25:36', 'superuser', '2019-12-21 18:25:36', 'superuser'),
	(27111, 1, 45, 9, NULL, NULL, '2019-12-21 18:25:36', 'superuser', '2019-12-21 18:25:36', 'superuser'),
	(27112, 1, 45, 10, NULL, NULL, '2019-12-21 18:25:36', 'superuser', '2019-12-21 18:25:36', 'superuser'),
	(27113, 1, 45, 11, NULL, NULL, '2019-12-21 18:25:36', 'superuser', '2019-12-21 18:25:36', 'superuser'),
	(27114, 1, 46, 1, NULL, NULL, '2019-12-21 18:25:36', 'superuser', '2019-12-21 18:25:36', 'superuser'),
	(27115, 1, 46, 2, NULL, NULL, '2019-12-21 18:25:36', 'superuser', '2019-12-21 18:25:36', 'superuser'),
	(27116, 1, 46, 3, NULL, NULL, '2019-12-21 18:25:36', 'superuser', '2019-12-21 18:25:36', 'superuser'),
	(27117, 1, 46, 4, NULL, NULL, '2019-12-21 18:25:36', 'superuser', '2019-12-21 18:25:36', 'superuser'),
	(27118, 1, 46, 5, NULL, NULL, '2019-12-21 18:25:36', 'superuser', '2019-12-21 18:25:36', 'superuser'),
	(27119, 1, 46, 6, NULL, NULL, '2019-12-21 18:25:36', 'superuser', '2019-12-21 18:25:36', 'superuser'),
	(27120, 1, 46, 7, NULL, NULL, '2019-12-21 18:25:36', 'superuser', '2019-12-21 18:25:36', 'superuser'),
	(27121, 1, 46, 8, NULL, NULL, '2019-12-21 18:25:36', 'superuser', '2019-12-21 18:25:36', 'superuser'),
	(27122, 1, 46, 9, NULL, NULL, '2019-12-21 18:25:36', 'superuser', '2019-12-21 18:25:36', 'superuser'),
	(27123, 1, 46, 10, NULL, NULL, '2019-12-21 18:25:36', 'superuser', '2019-12-21 18:25:36', 'superuser'),
	(27124, 1, 46, 11, NULL, NULL, '2019-12-21 18:25:36', 'superuser', '2019-12-21 18:25:36', 'superuser'),
	(27125, 1, 47, 1, NULL, NULL, '2019-12-21 18:25:36', 'superuser', '2019-12-21 18:25:36', 'superuser'),
	(27126, 1, 47, 2, NULL, NULL, '2019-12-21 18:25:36', 'superuser', '2019-12-21 18:25:36', 'superuser'),
	(27127, 1, 47, 3, NULL, NULL, '2019-12-21 18:25:36', 'superuser', '2019-12-21 18:25:36', 'superuser'),
	(27128, 1, 47, 4, NULL, NULL, '2019-12-21 18:25:36', 'superuser', '2019-12-21 18:25:36', 'superuser'),
	(27129, 1, 47, 5, NULL, NULL, '2019-12-21 18:25:36', 'superuser', '2019-12-21 18:25:36', 'superuser'),
	(27130, 1, 47, 6, NULL, NULL, '2019-12-21 18:25:36', 'superuser', '2019-12-21 18:25:36', 'superuser'),
	(27131, 1, 47, 7, NULL, NULL, '2019-12-21 18:25:36', 'superuser', '2019-12-21 18:25:36', 'superuser'),
	(27132, 1, 47, 8, NULL, NULL, '2019-12-21 18:25:36', 'superuser', '2019-12-21 18:25:36', 'superuser'),
	(27133, 1, 47, 9, NULL, NULL, '2019-12-21 18:25:36', 'superuser', '2019-12-21 18:25:36', 'superuser'),
	(27134, 1, 47, 10, NULL, NULL, '2019-12-21 18:25:36', 'superuser', '2019-12-21 18:25:36', 'superuser'),
	(27135, 1, 47, 11, NULL, NULL, '2019-12-21 18:25:36', 'superuser', '2019-12-21 18:25:36', 'superuser'),
	(27136, 1, 48, 1, NULL, NULL, '2019-12-21 18:25:36', 'superuser', '2019-12-21 18:25:36', 'superuser'),
	(27137, 1, 48, 2, NULL, NULL, '2019-12-21 18:25:36', 'superuser', '2019-12-21 18:25:36', 'superuser'),
	(27138, 1, 48, 3, NULL, NULL, '2019-12-21 18:25:36', 'superuser', '2019-12-21 18:25:36', 'superuser'),
	(27139, 1, 48, 4, NULL, NULL, '2019-12-21 18:25:36', 'superuser', '2019-12-21 18:25:36', 'superuser'),
	(27140, 1, 48, 5, NULL, NULL, '2019-12-21 18:25:36', 'superuser', '2019-12-21 18:25:36', 'superuser'),
	(27141, 1, 48, 6, NULL, NULL, '2019-12-21 18:25:36', 'superuser', '2019-12-21 18:25:36', 'superuser'),
	(27142, 1, 48, 7, NULL, NULL, '2019-12-21 18:25:36', 'superuser', '2019-12-21 18:25:36', 'superuser'),
	(27143, 1, 48, 8, NULL, NULL, '2019-12-21 18:25:36', 'superuser', '2019-12-21 18:25:36', 'superuser'),
	(27144, 1, 48, 9, NULL, NULL, '2019-12-21 18:25:36', 'superuser', '2019-12-21 18:25:36', 'superuser'),
	(27145, 1, 48, 10, NULL, NULL, '2019-12-21 18:25:36', 'superuser', '2019-12-21 18:25:36', 'superuser'),
	(27146, 1, 48, 11, NULL, NULL, '2019-12-21 18:25:36', 'superuser', '2019-12-21 18:25:36', 'superuser'),
	(27147, 1, 49, 1, NULL, NULL, '2019-12-21 18:25:36', 'superuser', '2019-12-21 18:25:36', 'superuser'),
	(27148, 1, 49, 2, NULL, NULL, '2019-12-21 18:25:36', 'superuser', '2019-12-21 18:25:36', 'superuser'),
	(27149, 1, 49, 3, NULL, NULL, '2019-12-21 18:25:36', 'superuser', '2019-12-21 18:25:36', 'superuser'),
	(27150, 1, 49, 4, NULL, NULL, '2019-12-21 18:25:36', 'superuser', '2019-12-21 18:25:36', 'superuser'),
	(27151, 1, 49, 5, NULL, NULL, '2019-12-21 18:25:36', 'superuser', '2019-12-21 18:25:36', 'superuser'),
	(27152, 1, 49, 6, NULL, NULL, '2019-12-21 18:25:36', 'superuser', '2019-12-21 18:25:36', 'superuser'),
	(27153, 1, 49, 7, NULL, NULL, '2019-12-21 18:25:36', 'superuser', '2019-12-21 18:25:36', 'superuser'),
	(27154, 1, 49, 8, NULL, NULL, '2019-12-21 18:25:36', 'superuser', '2019-12-21 18:25:36', 'superuser'),
	(27155, 1, 49, 9, NULL, NULL, '2019-12-21 18:25:36', 'superuser', '2019-12-21 18:25:36', 'superuser'),
	(27156, 1, 49, 10, NULL, NULL, '2019-12-21 18:25:36', 'superuser', '2019-12-21 18:25:36', 'superuser'),
	(27157, 1, 49, 11, NULL, NULL, '2019-12-21 18:25:36', 'superuser', '2019-12-21 18:25:36', 'superuser'),
	(27158, 1, 50, 1, NULL, NULL, '2019-12-21 18:25:36', 'superuser', '2019-12-21 18:25:36', 'superuser'),
	(27159, 1, 50, 2, NULL, NULL, '2019-12-21 18:25:36', 'superuser', '2019-12-21 18:25:36', 'superuser'),
	(27160, 1, 50, 3, NULL, NULL, '2019-12-21 18:25:36', 'superuser', '2019-12-21 18:25:36', 'superuser'),
	(27161, 1, 50, 4, NULL, NULL, '2019-12-21 18:25:36', 'superuser', '2019-12-21 18:25:36', 'superuser'),
	(27162, 1, 50, 5, NULL, NULL, '2019-12-21 18:25:36', 'superuser', '2019-12-21 18:25:36', 'superuser'),
	(27163, 1, 50, 6, NULL, NULL, '2019-12-21 18:25:36', 'superuser', '2019-12-21 18:25:36', 'superuser'),
	(27164, 1, 50, 7, NULL, NULL, '2019-12-21 18:25:36', 'superuser', '2019-12-21 18:25:36', 'superuser'),
	(27165, 1, 50, 8, NULL, NULL, '2019-12-21 18:25:36', 'superuser', '2019-12-21 18:25:36', 'superuser'),
	(27166, 1, 50, 9, NULL, NULL, '2019-12-21 18:25:36', 'superuser', '2019-12-21 18:25:36', 'superuser'),
	(27167, 1, 50, 10, NULL, NULL, '2019-12-21 18:25:36', 'superuser', '2019-12-21 18:25:36', 'superuser'),
	(27168, 1, 50, 11, NULL, NULL, '2019-12-21 18:25:36', 'superuser', '2019-12-21 18:25:36', 'superuser'),
	(27169, 1, 51, 1, NULL, NULL, '2019-12-21 18:25:36', 'superuser', '2019-12-21 18:25:36', 'superuser'),
	(27170, 1, 51, 2, NULL, NULL, '2019-12-21 18:25:36', 'superuser', '2019-12-21 18:25:36', 'superuser'),
	(27171, 1, 51, 3, NULL, NULL, '2019-12-21 18:25:36', 'superuser', '2019-12-21 18:25:36', 'superuser'),
	(27172, 1, 51, 4, NULL, NULL, '2019-12-21 18:25:36', 'superuser', '2019-12-21 18:25:36', 'superuser'),
	(27173, 1, 51, 5, NULL, NULL, '2019-12-21 18:25:36', 'superuser', '2019-12-21 18:25:36', 'superuser'),
	(27174, 1, 51, 6, NULL, NULL, '2019-12-21 18:25:36', 'superuser', '2019-12-21 18:25:36', 'superuser'),
	(27175, 1, 51, 7, NULL, NULL, '2019-12-21 18:25:36', 'superuser', '2019-12-21 18:25:36', 'superuser'),
	(27176, 1, 51, 8, NULL, NULL, '2019-12-21 18:25:36', 'superuser', '2019-12-21 18:25:36', 'superuser'),
	(27177, 1, 51, 9, NULL, NULL, '2019-12-21 18:25:36', 'superuser', '2019-12-21 18:25:36', 'superuser'),
	(27178, 1, 51, 10, NULL, NULL, '2019-12-21 18:25:36', 'superuser', '2019-12-21 18:25:36', 'superuser'),
	(27179, 1, 51, 11, NULL, NULL, '2019-12-21 18:25:36', 'superuser', '2019-12-21 18:25:36', 'superuser'),
	(27180, 1, 52, 1, NULL, NULL, '2019-12-21 18:25:36', 'superuser', '2019-12-21 18:25:36', 'superuser'),
	(27181, 1, 52, 2, NULL, NULL, '2019-12-21 18:25:36', 'superuser', '2019-12-21 18:25:36', 'superuser'),
	(27182, 1, 52, 3, NULL, NULL, '2019-12-21 18:25:36', 'superuser', '2019-12-21 18:25:36', 'superuser'),
	(27183, 1, 52, 4, NULL, NULL, '2019-12-21 18:25:36', 'superuser', '2019-12-21 18:25:36', 'superuser'),
	(27184, 1, 52, 5, NULL, NULL, '2019-12-21 18:25:36', 'superuser', '2019-12-21 18:25:36', 'superuser'),
	(27185, 1, 52, 6, NULL, NULL, '2019-12-21 18:25:36', 'superuser', '2019-12-21 18:25:36', 'superuser'),
	(27186, 1, 52, 7, NULL, NULL, '2019-12-21 18:25:36', 'superuser', '2019-12-21 18:25:36', 'superuser'),
	(27187, 1, 52, 8, NULL, NULL, '2019-12-21 18:25:36', 'superuser', '2019-12-21 18:25:36', 'superuser'),
	(27188, 1, 52, 9, NULL, NULL, '2019-12-21 18:25:36', 'superuser', '2019-12-21 18:25:36', 'superuser'),
	(27189, 1, 52, 10, NULL, NULL, '2019-12-21 18:25:36', 'superuser', '2019-12-21 18:25:36', 'superuser'),
	(27190, 1, 52, 11, NULL, NULL, '2019-12-21 18:25:36', 'superuser', '2019-12-21 18:25:36', 'superuser'),
	(27191, 1, 53, 1, NULL, NULL, '2019-12-21 18:25:36', 'superuser', '2019-12-21 18:25:36', 'superuser'),
	(27192, 1, 53, 2, NULL, NULL, '2019-12-21 18:25:36', 'superuser', '2019-12-21 18:25:36', 'superuser'),
	(27193, 1, 53, 3, NULL, NULL, '2019-12-21 18:25:36', 'superuser', '2019-12-21 18:25:36', 'superuser'),
	(27194, 1, 53, 4, NULL, NULL, '2019-12-21 18:25:36', 'superuser', '2019-12-21 18:25:36', 'superuser'),
	(27195, 1, 53, 5, NULL, NULL, '2019-12-21 18:25:36', 'superuser', '2019-12-21 18:25:36', 'superuser'),
	(27196, 1, 53, 6, NULL, NULL, '2019-12-21 18:25:36', 'superuser', '2019-12-21 18:25:36', 'superuser'),
	(27197, 1, 53, 7, NULL, NULL, '2019-12-21 18:25:36', 'superuser', '2019-12-21 18:25:36', 'superuser'),
	(27198, 1, 53, 8, NULL, NULL, '2019-12-21 18:25:36', 'superuser', '2019-12-21 18:25:36', 'superuser'),
	(27199, 1, 53, 9, NULL, NULL, '2019-12-21 18:25:36', 'superuser', '2019-12-21 18:25:36', 'superuser'),
	(27200, 1, 53, 10, NULL, NULL, '2019-12-21 18:25:36', 'superuser', '2019-12-21 18:25:36', 'superuser'),
	(27201, 1, 53, 11, NULL, NULL, '2019-12-21 18:25:36', 'superuser', '2019-12-21 18:25:36', 'superuser'),
	(27202, 1, 54, 1, NULL, NULL, '2019-12-21 18:25:36', 'superuser', '2019-12-21 18:25:36', 'superuser'),
	(27203, 1, 54, 2, NULL, NULL, '2019-12-21 18:25:36', 'superuser', '2019-12-21 18:25:36', 'superuser'),
	(27204, 1, 54, 3, NULL, NULL, '2019-12-21 18:25:36', 'superuser', '2019-12-21 18:25:36', 'superuser'),
	(27205, 1, 54, 4, NULL, NULL, '2019-12-21 18:25:36', 'superuser', '2019-12-21 18:25:36', 'superuser'),
	(27206, 1, 54, 5, NULL, NULL, '2019-12-21 18:25:36', 'superuser', '2019-12-21 18:25:36', 'superuser'),
	(27207, 1, 54, 6, NULL, NULL, '2019-12-21 18:25:36', 'superuser', '2019-12-21 18:25:36', 'superuser'),
	(27208, 1, 54, 7, NULL, NULL, '2019-12-21 18:25:36', 'superuser', '2019-12-21 18:25:36', 'superuser'),
	(27209, 1, 54, 8, NULL, NULL, '2019-12-21 18:25:36', 'superuser', '2019-12-21 18:25:36', 'superuser'),
	(27210, 1, 54, 9, NULL, NULL, '2019-12-21 18:25:36', 'superuser', '2019-12-21 18:25:36', 'superuser'),
	(27211, 1, 54, 10, NULL, NULL, '2019-12-21 18:25:36', 'superuser', '2019-12-21 18:25:36', 'superuser'),
	(27212, 1, 54, 11, NULL, NULL, '2019-12-21 18:25:36', 'superuser', '2019-12-21 18:25:36', 'superuser'),
	(27213, 1, 55, 1, NULL, NULL, '2019-12-21 18:25:36', 'superuser', '2019-12-21 18:25:36', 'superuser'),
	(27214, 1, 55, 2, NULL, NULL, '2019-12-21 18:25:36', 'superuser', '2019-12-21 18:25:36', 'superuser'),
	(27215, 1, 55, 3, NULL, NULL, '2019-12-21 18:25:36', 'superuser', '2019-12-21 18:25:36', 'superuser'),
	(27216, 1, 55, 4, NULL, NULL, '2019-12-21 18:25:36', 'superuser', '2019-12-21 18:25:36', 'superuser'),
	(27217, 1, 55, 5, NULL, NULL, '2019-12-21 18:25:36', 'superuser', '2019-12-21 18:25:36', 'superuser'),
	(27218, 1, 55, 6, NULL, NULL, '2019-12-21 18:25:36', 'superuser', '2019-12-21 18:25:36', 'superuser'),
	(27219, 1, 55, 7, NULL, NULL, '2019-12-21 18:25:36', 'superuser', '2019-12-21 18:25:36', 'superuser'),
	(27220, 1, 55, 8, NULL, NULL, '2019-12-21 18:25:36', 'superuser', '2019-12-21 18:25:36', 'superuser'),
	(27221, 1, 55, 9, NULL, NULL, '2019-12-21 18:25:36', 'superuser', '2019-12-21 18:25:36', 'superuser'),
	(27222, 1, 55, 10, NULL, NULL, '2019-12-21 18:25:36', 'superuser', '2019-12-21 18:25:36', 'superuser'),
	(27223, 1, 55, 11, NULL, NULL, '2019-12-21 18:25:36', 'superuser', '2019-12-21 18:25:36', 'superuser'),
	(27224, 1, 56, 1, NULL, NULL, '2019-12-21 18:25:36', 'superuser', '2019-12-21 18:25:36', 'superuser'),
	(27225, 1, 56, 2, NULL, NULL, '2019-12-21 18:25:36', 'superuser', '2019-12-21 18:25:36', 'superuser'),
	(27226, 1, 56, 3, NULL, NULL, '2019-12-21 18:25:36', 'superuser', '2019-12-21 18:25:36', 'superuser'),
	(27227, 1, 56, 4, NULL, NULL, '2019-12-21 18:25:36', 'superuser', '2019-12-21 18:25:36', 'superuser'),
	(27228, 1, 56, 5, NULL, NULL, '2019-12-21 18:25:36', 'superuser', '2019-12-21 18:25:36', 'superuser'),
	(27229, 1, 56, 6, NULL, NULL, '2019-12-21 18:25:36', 'superuser', '2019-12-21 18:25:36', 'superuser'),
	(27230, 1, 56, 7, NULL, NULL, '2019-12-21 18:25:36', 'superuser', '2019-12-21 18:25:36', 'superuser'),
	(27231, 1, 56, 8, NULL, NULL, '2019-12-21 18:25:36', 'superuser', '2019-12-21 18:25:36', 'superuser'),
	(27232, 1, 56, 9, NULL, NULL, '2019-12-21 18:25:36', 'superuser', '2019-12-21 18:25:36', 'superuser'),
	(27233, 1, 56, 10, NULL, NULL, '2019-12-21 18:25:36', 'superuser', '2019-12-21 18:25:36', 'superuser'),
	(27234, 1, 56, 11, NULL, NULL, '2019-12-21 18:25:36', 'superuser', '2019-12-21 18:25:36', 'superuser'),
	(27235, 1, 57, 1, NULL, NULL, '2019-12-21 18:25:36', 'superuser', '2019-12-21 18:25:36', 'superuser'),
	(27236, 1, 57, 2, NULL, NULL, '2019-12-21 18:25:36', 'superuser', '2019-12-21 18:25:36', 'superuser'),
	(27237, 1, 57, 3, NULL, NULL, '2019-12-21 18:25:36', 'superuser', '2019-12-21 18:25:36', 'superuser'),
	(27238, 1, 57, 4, NULL, NULL, '2019-12-21 18:25:36', 'superuser', '2019-12-21 18:25:36', 'superuser'),
	(27239, 1, 57, 5, NULL, NULL, '2019-12-21 18:25:36', 'superuser', '2019-12-21 18:25:36', 'superuser'),
	(27240, 1, 57, 6, NULL, NULL, '2019-12-21 18:25:36', 'superuser', '2019-12-21 18:25:36', 'superuser'),
	(27241, 1, 57, 7, NULL, NULL, '2019-12-21 18:25:36', 'superuser', '2019-12-21 18:25:36', 'superuser'),
	(27242, 1, 57, 8, NULL, NULL, '2019-12-21 18:25:36', 'superuser', '2019-12-21 18:25:36', 'superuser'),
	(27243, 1, 57, 9, NULL, NULL, '2019-12-21 18:25:36', 'superuser', '2019-12-21 18:25:36', 'superuser'),
	(27244, 1, 57, 10, NULL, NULL, '2019-12-21 18:25:36', 'superuser', '2019-12-21 18:25:36', 'superuser'),
	(27245, 1, 57, 11, NULL, NULL, '2019-12-21 18:25:36', 'superuser', '2019-12-21 18:25:36', 'superuser'),
	(27246, 1, 58, 1, NULL, NULL, '2019-12-21 18:25:36', 'superuser', '2019-12-21 18:25:36', 'superuser'),
	(27247, 1, 58, 2, NULL, NULL, '2019-12-21 18:25:36', 'superuser', '2019-12-21 18:25:36', 'superuser'),
	(27248, 1, 58, 3, NULL, NULL, '2019-12-21 18:25:36', 'superuser', '2019-12-21 18:25:36', 'superuser'),
	(27249, 1, 58, 4, NULL, NULL, '2019-12-21 18:25:36', 'superuser', '2019-12-21 18:25:36', 'superuser'),
	(27250, 1, 58, 5, NULL, NULL, '2019-12-21 18:25:36', 'superuser', '2019-12-21 18:25:36', 'superuser'),
	(27251, 1, 58, 6, NULL, NULL, '2019-12-21 18:25:36', 'superuser', '2019-12-21 18:25:36', 'superuser'),
	(27252, 1, 58, 7, NULL, NULL, '2019-12-21 18:25:36', 'superuser', '2019-12-21 18:25:36', 'superuser'),
	(27253, 1, 58, 8, NULL, NULL, '2019-12-21 18:25:36', 'superuser', '2019-12-21 18:25:36', 'superuser'),
	(27254, 1, 58, 9, NULL, NULL, '2019-12-21 18:25:36', 'superuser', '2019-12-21 18:25:36', 'superuser'),
	(27255, 1, 58, 10, NULL, NULL, '2019-12-21 18:25:36', 'superuser', '2019-12-21 18:25:36', 'superuser'),
	(27256, 1, 58, 11, NULL, NULL, '2019-12-21 18:25:36', 'superuser', '2019-12-21 18:25:36', 'superuser'),
	(27257, 1, 59, 1, NULL, NULL, '2019-12-21 18:25:36', 'superuser', '2019-12-21 18:25:36', 'superuser'),
	(27258, 1, 59, 2, NULL, NULL, '2019-12-21 18:25:36', 'superuser', '2019-12-21 18:25:36', 'superuser'),
	(27259, 1, 59, 3, NULL, NULL, '2019-12-21 18:25:36', 'superuser', '2019-12-21 18:25:36', 'superuser'),
	(27260, 1, 59, 4, NULL, NULL, '2019-12-21 18:25:36', 'superuser', '2019-12-21 18:25:36', 'superuser'),
	(27261, 1, 59, 5, NULL, NULL, '2019-12-21 18:25:36', 'superuser', '2019-12-21 18:25:36', 'superuser'),
	(27262, 1, 59, 6, NULL, NULL, '2019-12-21 18:25:36', 'superuser', '2019-12-21 18:25:36', 'superuser'),
	(27263, 1, 59, 7, NULL, NULL, '2019-12-21 18:25:36', 'superuser', '2019-12-21 18:25:36', 'superuser'),
	(27264, 1, 59, 8, NULL, NULL, '2019-12-21 18:25:36', 'superuser', '2019-12-21 18:25:36', 'superuser'),
	(27265, 1, 59, 9, NULL, NULL, '2019-12-21 18:25:36', 'superuser', '2019-12-21 18:25:36', 'superuser'),
	(27266, 1, 59, 10, NULL, NULL, '2019-12-21 18:25:36', 'superuser', '2019-12-21 18:25:36', 'superuser'),
	(27267, 1, 59, 11, NULL, NULL, '2019-12-21 18:25:36', 'superuser', '2019-12-21 18:25:36', 'superuser'),
	(27268, 1, 60, 1, NULL, NULL, '2019-12-21 18:25:36', 'superuser', '2019-12-21 18:25:36', 'superuser'),
	(27269, 1, 60, 2, NULL, NULL, '2019-12-21 18:25:36', 'superuser', '2019-12-21 18:25:36', 'superuser'),
	(27270, 1, 60, 3, NULL, NULL, '2019-12-21 18:25:36', 'superuser', '2019-12-21 18:25:36', 'superuser'),
	(27271, 1, 60, 4, NULL, NULL, '2019-12-21 18:25:36', 'superuser', '2019-12-21 18:25:36', 'superuser'),
	(27272, 1, 60, 5, NULL, NULL, '2019-12-21 18:25:36', 'superuser', '2019-12-21 18:25:36', 'superuser'),
	(27273, 1, 60, 6, NULL, NULL, '2019-12-21 18:25:36', 'superuser', '2019-12-21 18:25:36', 'superuser'),
	(27274, 1, 60, 7, NULL, NULL, '2019-12-21 18:25:36', 'superuser', '2019-12-21 18:25:36', 'superuser'),
	(27275, 1, 60, 8, NULL, NULL, '2019-12-21 18:25:36', 'superuser', '2019-12-21 18:25:36', 'superuser'),
	(27276, 1, 60, 9, NULL, NULL, '2019-12-21 18:25:36', 'superuser', '2019-12-21 18:25:36', 'superuser'),
	(27277, 1, 60, 10, NULL, NULL, '2019-12-21 18:25:36', 'superuser', '2019-12-21 18:25:36', 'superuser'),
	(27278, 1, 60, 11, NULL, NULL, '2019-12-21 18:25:36', 'superuser', '2019-12-21 18:25:36', 'superuser'),
	(27279, 1, 61, 1, NULL, NULL, '2019-12-21 18:25:36', 'superuser', '2019-12-21 18:25:36', 'superuser'),
	(27280, 1, 61, 2, NULL, NULL, '2019-12-21 18:25:36', 'superuser', '2019-12-21 18:25:36', 'superuser'),
	(27281, 1, 61, 3, NULL, NULL, '2019-12-21 18:25:36', 'superuser', '2019-12-21 18:25:36', 'superuser'),
	(27282, 1, 61, 4, NULL, NULL, '2019-12-21 18:25:36', 'superuser', '2019-12-21 18:25:36', 'superuser'),
	(27283, 1, 61, 5, NULL, NULL, '2019-12-21 18:25:36', 'superuser', '2019-12-21 18:25:36', 'superuser'),
	(27284, 1, 61, 6, NULL, NULL, '2019-12-21 18:25:36', 'superuser', '2019-12-21 18:25:36', 'superuser'),
	(27285, 1, 61, 7, NULL, NULL, '2019-12-21 18:25:36', 'superuser', '2019-12-21 18:25:36', 'superuser'),
	(27286, 1, 61, 8, NULL, NULL, '2019-12-21 18:25:36', 'superuser', '2019-12-21 18:25:36', 'superuser'),
	(27287, 1, 61, 9, NULL, NULL, '2019-12-21 18:25:36', 'superuser', '2019-12-21 18:25:36', 'superuser'),
	(27288, 1, 61, 10, NULL, NULL, '2019-12-21 18:25:36', 'superuser', '2019-12-21 18:25:36', 'superuser'),
	(27289, 1, 61, 11, NULL, NULL, '2019-12-21 18:25:36', 'superuser', '2019-12-21 18:25:36', 'superuser'),
	(27290, 1, 62, 1, NULL, NULL, '2019-12-21 18:25:36', 'superuser', '2019-12-21 18:25:36', 'superuser'),
	(27291, 1, 62, 2, NULL, NULL, '2019-12-21 18:25:36', 'superuser', '2019-12-21 18:25:36', 'superuser'),
	(27292, 1, 62, 3, NULL, NULL, '2019-12-21 18:25:36', 'superuser', '2019-12-21 18:25:36', 'superuser'),
	(27293, 1, 62, 4, NULL, NULL, '2019-12-21 18:25:36', 'superuser', '2019-12-21 18:25:36', 'superuser'),
	(27294, 1, 62, 5, NULL, NULL, '2019-12-21 18:25:36', 'superuser', '2019-12-21 18:25:36', 'superuser'),
	(27295, 1, 62, 6, NULL, NULL, '2019-12-21 18:25:36', 'superuser', '2019-12-21 18:25:36', 'superuser'),
	(27296, 1, 62, 7, NULL, NULL, '2019-12-21 18:25:36', 'superuser', '2019-12-21 18:25:36', 'superuser'),
	(27297, 1, 62, 8, NULL, NULL, '2019-12-21 18:25:36', 'superuser', '2019-12-21 18:25:36', 'superuser'),
	(27298, 1, 62, 9, NULL, NULL, '2019-12-21 18:25:36', 'superuser', '2019-12-21 18:25:36', 'superuser'),
	(27299, 1, 62, 10, NULL, NULL, '2019-12-21 18:25:36', 'superuser', '2019-12-21 18:25:36', 'superuser'),
	(27300, 1, 62, 11, NULL, NULL, '2019-12-21 18:25:36', 'superuser', '2019-12-21 18:25:36', 'superuser'),
	(27301, 1, 63, 1, NULL, NULL, '2019-12-21 18:25:36', 'superuser', '2019-12-21 18:25:36', 'superuser'),
	(27302, 1, 63, 2, NULL, NULL, '2019-12-21 18:25:36', 'superuser', '2019-12-21 18:25:36', 'superuser'),
	(27303, 1, 63, 3, NULL, NULL, '2019-12-21 18:25:36', 'superuser', '2019-12-21 18:25:36', 'superuser'),
	(27304, 1, 63, 4, NULL, NULL, '2019-12-21 18:25:36', 'superuser', '2019-12-21 18:25:36', 'superuser'),
	(27305, 1, 63, 5, NULL, NULL, '2019-12-21 18:25:36', 'superuser', '2019-12-21 18:25:36', 'superuser'),
	(27306, 1, 63, 6, NULL, NULL, '2019-12-21 18:25:36', 'superuser', '2019-12-21 18:25:36', 'superuser'),
	(27307, 1, 63, 7, NULL, NULL, '2019-12-21 18:25:36', 'superuser', '2019-12-21 18:25:36', 'superuser'),
	(27308, 1, 63, 8, NULL, NULL, '2019-12-21 18:25:36', 'superuser', '2019-12-21 18:25:36', 'superuser'),
	(27309, 1, 63, 9, NULL, NULL, '2019-12-21 18:25:36', 'superuser', '2019-12-21 18:25:36', 'superuser'),
	(27310, 1, 63, 10, NULL, NULL, '2019-12-21 18:25:36', 'superuser', '2019-12-21 18:25:36', 'superuser'),
	(27311, 1, 63, 11, NULL, NULL, '2019-12-21 18:25:36', 'superuser', '2019-12-21 18:25:36', 'superuser'),
	(27312, 1, 64, 1, NULL, NULL, '2019-12-21 18:25:36', 'superuser', '2019-12-21 18:25:36', 'superuser'),
	(27313, 1, 64, 2, NULL, NULL, '2019-12-21 18:25:36', 'superuser', '2019-12-21 18:25:36', 'superuser'),
	(27314, 1, 64, 3, NULL, NULL, '2019-12-21 18:25:36', 'superuser', '2019-12-21 18:25:36', 'superuser'),
	(27315, 1, 64, 4, NULL, NULL, '2019-12-21 18:25:36', 'superuser', '2019-12-21 18:25:36', 'superuser'),
	(27316, 1, 64, 5, NULL, NULL, '2019-12-21 18:25:36', 'superuser', '2019-12-21 18:25:36', 'superuser'),
	(27317, 1, 64, 6, NULL, NULL, '2019-12-21 18:25:36', 'superuser', '2019-12-21 18:25:36', 'superuser'),
	(27318, 1, 64, 7, NULL, NULL, '2019-12-21 18:25:36', 'superuser', '2019-12-21 18:25:36', 'superuser'),
	(27319, 1, 64, 8, NULL, NULL, '2019-12-21 18:25:36', 'superuser', '2019-12-21 18:25:36', 'superuser'),
	(27320, 1, 64, 9, NULL, NULL, '2019-12-21 18:25:36', 'superuser', '2019-12-21 18:25:36', 'superuser'),
	(27321, 1, 64, 10, NULL, NULL, '2019-12-21 18:25:36', 'superuser', '2019-12-21 18:25:36', 'superuser'),
	(27322, 1, 64, 11, NULL, NULL, '2019-12-21 18:25:36', 'superuser', '2019-12-21 18:25:36', 'superuser'),
	(27323, 1, 65, 1, NULL, NULL, '2019-12-21 18:25:36', 'superuser', '2019-12-21 18:25:36', 'superuser'),
	(27324, 1, 65, 2, NULL, NULL, '2019-12-21 18:25:36', 'superuser', '2019-12-21 18:25:36', 'superuser'),
	(27325, 1, 65, 3, NULL, NULL, '2019-12-21 18:25:36', 'superuser', '2019-12-21 18:25:36', 'superuser'),
	(27326, 1, 65, 4, NULL, NULL, '2019-12-21 18:25:36', 'superuser', '2019-12-21 18:25:36', 'superuser'),
	(27327, 1, 65, 5, NULL, NULL, '2019-12-21 18:25:36', 'superuser', '2019-12-21 18:25:36', 'superuser'),
	(27328, 1, 65, 6, NULL, NULL, '2019-12-21 18:25:36', 'superuser', '2019-12-21 18:25:36', 'superuser'),
	(27329, 1, 65, 7, NULL, NULL, '2019-12-21 18:25:36', 'superuser', '2019-12-21 18:25:36', 'superuser'),
	(27330, 1, 65, 8, NULL, NULL, '2019-12-21 18:25:36', 'superuser', '2019-12-21 18:25:36', 'superuser'),
	(27331, 1, 65, 9, NULL, NULL, '2019-12-21 18:25:36', 'superuser', '2019-12-21 18:25:36', 'superuser'),
	(27332, 1, 65, 10, NULL, NULL, '2019-12-21 18:25:36', 'superuser', '2019-12-21 18:25:36', 'superuser'),
	(27333, 1, 65, 11, NULL, NULL, '2019-12-21 18:25:36', 'superuser', '2019-12-21 18:25:36', 'superuser'),
	(27334, 1, 66, 1, NULL, NULL, '2019-12-21 18:25:36', 'superuser', '2019-12-21 18:25:36', 'superuser'),
	(27335, 1, 66, 2, NULL, NULL, '2019-12-21 18:25:36', 'superuser', '2019-12-21 18:25:36', 'superuser'),
	(27336, 1, 66, 3, NULL, NULL, '2019-12-21 18:25:36', 'superuser', '2019-12-21 18:25:36', 'superuser'),
	(27337, 1, 66, 4, NULL, NULL, '2019-12-21 18:25:36', 'superuser', '2019-12-21 18:25:36', 'superuser'),
	(27338, 1, 66, 5, NULL, NULL, '2019-12-21 18:25:36', 'superuser', '2019-12-21 18:25:36', 'superuser'),
	(27339, 1, 66, 6, NULL, NULL, '2019-12-21 18:25:36', 'superuser', '2019-12-21 18:25:36', 'superuser'),
	(27340, 1, 66, 7, NULL, NULL, '2019-12-21 18:25:36', 'superuser', '2019-12-21 18:25:36', 'superuser'),
	(27341, 1, 66, 8, NULL, NULL, '2019-12-21 18:25:36', 'superuser', '2019-12-21 18:25:36', 'superuser'),
	(27342, 1, 66, 9, NULL, NULL, '2019-12-21 18:25:36', 'superuser', '2019-12-21 18:25:36', 'superuser'),
	(27343, 1, 66, 10, NULL, NULL, '2019-12-21 18:25:36', 'superuser', '2019-12-21 18:25:36', 'superuser'),
	(27344, 1, 66, 11, NULL, NULL, '2019-12-21 18:25:36', 'superuser', '2019-12-21 18:25:36', 'superuser'),
	(27345, 1, 67, 1, NULL, NULL, '2019-12-21 18:25:36', 'superuser', '2019-12-21 18:25:36', 'superuser'),
	(27346, 1, 67, 2, NULL, NULL, '2019-12-21 18:25:36', 'superuser', '2019-12-21 18:25:36', 'superuser'),
	(27347, 1, 67, 3, NULL, NULL, '2019-12-21 18:25:36', 'superuser', '2019-12-21 18:25:36', 'superuser'),
	(27348, 1, 67, 4, NULL, NULL, '2019-12-21 18:25:36', 'superuser', '2019-12-21 18:25:36', 'superuser'),
	(27349, 1, 67, 5, NULL, NULL, '2019-12-21 18:25:36', 'superuser', '2019-12-21 18:25:36', 'superuser'),
	(27350, 1, 67, 6, NULL, NULL, '2019-12-21 18:25:36', 'superuser', '2019-12-21 18:25:36', 'superuser'),
	(27351, 1, 67, 7, NULL, NULL, '2019-12-21 18:25:36', 'superuser', '2019-12-21 18:25:36', 'superuser'),
	(27352, 1, 67, 8, NULL, NULL, '2019-12-21 18:25:36', 'superuser', '2019-12-21 18:25:36', 'superuser'),
	(27353, 1, 67, 9, NULL, NULL, '2019-12-21 18:25:36', 'superuser', '2019-12-21 18:25:36', 'superuser'),
	(27354, 1, 67, 10, NULL, NULL, '2019-12-21 18:25:36', 'superuser', '2019-12-21 18:25:36', 'superuser'),
	(27355, 1, 67, 11, NULL, NULL, '2019-12-21 18:25:36', 'superuser', '2019-12-21 18:25:36', 'superuser'),
	(27356, 1, 68, 1, NULL, NULL, '2019-12-21 18:25:36', 'superuser', '2019-12-21 18:25:36', 'superuser'),
	(27357, 1, 68, 2, NULL, NULL, '2019-12-21 18:25:36', 'superuser', '2019-12-21 18:25:36', 'superuser'),
	(27358, 1, 68, 3, NULL, NULL, '2019-12-21 18:25:36', 'superuser', '2019-12-21 18:25:36', 'superuser'),
	(27359, 1, 68, 4, NULL, NULL, '2019-12-21 18:25:36', 'superuser', '2019-12-21 18:25:36', 'superuser'),
	(27360, 1, 68, 5, NULL, NULL, '2019-12-21 18:25:36', 'superuser', '2019-12-21 18:25:36', 'superuser'),
	(27361, 1, 68, 6, NULL, NULL, '2019-12-21 18:25:36', 'superuser', '2019-12-21 18:25:36', 'superuser'),
	(27362, 1, 68, 7, NULL, NULL, '2019-12-21 18:25:36', 'superuser', '2019-12-21 18:25:36', 'superuser'),
	(27363, 1, 68, 8, NULL, NULL, '2019-12-21 18:25:36', 'superuser', '2019-12-21 18:25:36', 'superuser'),
	(27364, 1, 68, 9, NULL, NULL, '2019-12-21 18:25:36', 'superuser', '2019-12-21 18:25:36', 'superuser'),
	(27365, 1, 68, 10, NULL, NULL, '2019-12-21 18:25:36', 'superuser', '2019-12-21 18:25:36', 'superuser'),
	(27366, 1, 68, 11, NULL, NULL, '2019-12-21 18:25:36', 'superuser', '2019-12-21 18:25:36', 'superuser'),
	(27367, 1, 69, 1, NULL, NULL, '2019-12-21 18:25:36', 'superuser', '2019-12-21 18:25:36', 'superuser'),
	(27368, 1, 69, 2, NULL, NULL, '2019-12-21 18:25:36', 'superuser', '2019-12-21 18:25:36', 'superuser'),
	(27369, 1, 69, 3, NULL, NULL, '2019-12-21 18:25:36', 'superuser', '2019-12-21 18:25:36', 'superuser'),
	(27370, 1, 69, 4, NULL, NULL, '2019-12-21 18:25:36', 'superuser', '2019-12-21 18:25:36', 'superuser'),
	(27371, 1, 69, 5, NULL, NULL, '2019-12-21 18:25:36', 'superuser', '2019-12-21 18:25:36', 'superuser'),
	(27372, 1, 69, 6, NULL, NULL, '2019-12-21 18:25:36', 'superuser', '2019-12-21 18:25:36', 'superuser'),
	(27373, 1, 69, 7, NULL, NULL, '2019-12-21 18:25:36', 'superuser', '2019-12-21 18:25:36', 'superuser'),
	(27374, 1, 69, 8, NULL, NULL, '2019-12-21 18:25:36', 'superuser', '2019-12-21 18:25:36', 'superuser'),
	(27375, 1, 69, 9, NULL, NULL, '2019-12-21 18:25:36', 'superuser', '2019-12-21 18:25:36', 'superuser'),
	(27376, 1, 69, 10, NULL, NULL, '2019-12-21 18:25:36', 'superuser', '2019-12-21 18:25:36', 'superuser'),
	(27377, 1, 69, 11, NULL, NULL, '2019-12-21 18:25:36', 'superuser', '2019-12-21 18:25:36', 'superuser'),
	(27378, 1, 70, 1, NULL, NULL, '2019-12-21 18:25:36', 'superuser', '2019-12-21 18:25:36', 'superuser'),
	(27379, 1, 70, 2, NULL, NULL, '2019-12-21 18:25:36', 'superuser', '2019-12-21 18:25:36', 'superuser'),
	(27380, 1, 70, 3, NULL, NULL, '2019-12-21 18:25:36', 'superuser', '2019-12-21 18:25:36', 'superuser'),
	(27381, 1, 70, 4, NULL, NULL, '2019-12-21 18:25:36', 'superuser', '2019-12-21 18:25:36', 'superuser'),
	(27382, 1, 70, 5, NULL, NULL, '2019-12-21 18:25:36', 'superuser', '2019-12-21 18:25:36', 'superuser'),
	(27383, 1, 70, 6, NULL, NULL, '2019-12-21 18:25:36', 'superuser', '2019-12-21 18:25:36', 'superuser'),
	(27384, 1, 70, 7, NULL, NULL, '2019-12-21 18:25:36', 'superuser', '2019-12-21 18:25:36', 'superuser'),
	(27385, 1, 70, 8, NULL, NULL, '2019-12-21 18:25:36', 'superuser', '2019-12-21 18:25:36', 'superuser'),
	(27386, 1, 70, 9, NULL, NULL, '2019-12-21 18:25:36', 'superuser', '2019-12-21 18:25:36', 'superuser'),
	(27387, 1, 70, 10, NULL, NULL, '2019-12-21 18:25:36', 'superuser', '2019-12-21 18:25:36', 'superuser'),
	(27388, 1, 70, 11, NULL, NULL, '2019-12-21 18:25:36', 'superuser', '2019-12-21 18:25:36', 'superuser'),
	(27389, 1, 71, 1, NULL, NULL, '2019-12-21 18:25:36', 'superuser', '2019-12-21 18:25:36', 'superuser'),
	(27390, 1, 71, 2, NULL, NULL, '2019-12-21 18:25:36', 'superuser', '2019-12-21 18:25:36', 'superuser'),
	(27391, 1, 71, 3, NULL, NULL, '2019-12-21 18:25:36', 'superuser', '2019-12-21 18:25:36', 'superuser'),
	(27392, 1, 71, 4, NULL, NULL, '2019-12-21 18:25:36', 'superuser', '2019-12-21 18:25:36', 'superuser'),
	(27393, 1, 71, 5, NULL, NULL, '2019-12-21 18:25:36', 'superuser', '2019-12-21 18:25:36', 'superuser'),
	(27394, 1, 71, 6, NULL, NULL, '2019-12-21 18:25:36', 'superuser', '2019-12-21 18:25:36', 'superuser'),
	(27395, 1, 71, 7, NULL, NULL, '2019-12-21 18:25:36', 'superuser', '2019-12-21 18:25:36', 'superuser'),
	(27396, 1, 71, 8, NULL, NULL, '2019-12-21 18:25:36', 'superuser', '2019-12-21 18:25:36', 'superuser'),
	(27397, 1, 71, 9, NULL, NULL, '2019-12-21 18:25:36', 'superuser', '2019-12-21 18:25:36', 'superuser'),
	(27398, 1, 71, 10, NULL, NULL, '2019-12-21 18:25:36', 'superuser', '2019-12-21 18:25:36', 'superuser'),
	(27399, 1, 71, 11, NULL, NULL, '2019-12-21 18:25:36', 'superuser', '2019-12-21 18:25:36', 'superuser'),
	(27400, 1, 72, 1, NULL, NULL, '2019-12-21 18:25:36', 'superuser', '2019-12-21 18:25:36', 'superuser'),
	(27401, 1, 72, 2, NULL, NULL, '2019-12-21 18:25:36', 'superuser', '2019-12-21 18:25:36', 'superuser'),
	(27402, 1, 72, 3, NULL, NULL, '2019-12-21 18:25:36', 'superuser', '2019-12-21 18:25:36', 'superuser'),
	(27403, 1, 72, 4, NULL, NULL, '2019-12-21 18:25:36', 'superuser', '2019-12-21 18:25:36', 'superuser'),
	(27404, 1, 72, 5, NULL, NULL, '2019-12-21 18:25:36', 'superuser', '2019-12-21 18:25:36', 'superuser'),
	(27405, 1, 72, 6, NULL, NULL, '2019-12-21 18:25:36', 'superuser', '2019-12-21 18:25:36', 'superuser'),
	(27406, 1, 72, 7, NULL, NULL, '2019-12-21 18:25:36', 'superuser', '2019-12-21 18:25:36', 'superuser'),
	(27407, 1, 72, 8, NULL, NULL, '2019-12-21 18:25:36', 'superuser', '2019-12-21 18:25:36', 'superuser'),
	(27408, 1, 72, 9, NULL, NULL, '2019-12-21 18:25:36', 'superuser', '2019-12-21 18:25:36', 'superuser'),
	(27409, 1, 72, 10, NULL, NULL, '2019-12-21 18:25:36', 'superuser', '2019-12-21 18:25:36', 'superuser'),
	(27410, 1, 72, 11, NULL, NULL, '2019-12-21 18:25:36', 'superuser', '2019-12-21 18:25:36', 'superuser'),
	(27411, 1, 73, 1, NULL, NULL, '2019-12-21 18:25:36', 'superuser', '2019-12-21 18:25:36', 'superuser'),
	(27412, 1, 73, 2, NULL, NULL, '2019-12-21 18:25:36', 'superuser', '2019-12-21 18:25:36', 'superuser'),
	(27413, 1, 73, 3, NULL, NULL, '2019-12-21 18:25:36', 'superuser', '2019-12-21 18:25:36', 'superuser'),
	(27414, 1, 73, 4, NULL, NULL, '2019-12-21 18:25:36', 'superuser', '2019-12-21 18:25:36', 'superuser'),
	(27415, 1, 73, 5, NULL, NULL, '2019-12-21 18:25:36', 'superuser', '2019-12-21 18:25:36', 'superuser'),
	(27416, 1, 73, 6, NULL, NULL, '2019-12-21 18:25:36', 'superuser', '2019-12-21 18:25:36', 'superuser'),
	(27417, 1, 73, 7, NULL, NULL, '2019-12-21 18:25:36', 'superuser', '2019-12-21 18:25:36', 'superuser'),
	(27418, 1, 73, 8, NULL, NULL, '2019-12-21 18:25:36', 'superuser', '2019-12-21 18:25:36', 'superuser'),
	(27419, 1, 73, 9, NULL, NULL, '2019-12-21 18:25:36', 'superuser', '2019-12-21 18:25:36', 'superuser'),
	(27420, 1, 73, 10, NULL, NULL, '2019-12-21 18:25:36', 'superuser', '2019-12-21 18:25:36', 'superuser'),
	(27421, 1, 73, 11, NULL, NULL, '2019-12-21 18:25:36', 'superuser', '2019-12-21 18:25:36', 'superuser'),
	(27422, 1, 74, 1, NULL, NULL, '2019-12-21 18:25:36', 'superuser', '2019-12-21 18:25:36', 'superuser'),
	(27423, 1, 74, 2, NULL, NULL, '2019-12-21 18:25:36', 'superuser', '2019-12-21 18:25:36', 'superuser'),
	(27424, 1, 74, 3, NULL, NULL, '2019-12-21 18:25:36', 'superuser', '2019-12-21 18:25:36', 'superuser'),
	(27425, 1, 74, 4, NULL, NULL, '2019-12-21 18:25:36', 'superuser', '2019-12-21 18:25:36', 'superuser'),
	(27426, 1, 74, 5, NULL, NULL, '2019-12-21 18:25:36', 'superuser', '2019-12-21 18:25:36', 'superuser'),
	(27427, 1, 74, 6, NULL, NULL, '2019-12-21 18:25:36', 'superuser', '2019-12-21 18:25:36', 'superuser'),
	(27428, 1, 74, 7, NULL, NULL, '2019-12-21 18:25:36', 'superuser', '2019-12-21 18:25:36', 'superuser'),
	(27429, 1, 74, 8, NULL, NULL, '2019-12-21 18:25:36', 'superuser', '2019-12-21 18:25:36', 'superuser'),
	(27430, 1, 74, 9, NULL, NULL, '2019-12-21 18:25:36', 'superuser', '2019-12-21 18:25:36', 'superuser'),
	(27431, 1, 74, 10, NULL, NULL, '2019-12-21 18:25:36', 'superuser', '2019-12-21 18:25:36', 'superuser'),
	(27432, 1, 74, 11, NULL, NULL, '2019-12-21 18:25:36', 'superuser', '2019-12-21 18:25:36', 'superuser'),
	(27433, 1, 75, 1, NULL, NULL, '2019-12-21 18:25:36', 'superuser', '2019-12-21 18:25:36', 'superuser'),
	(27434, 1, 75, 2, NULL, NULL, '2019-12-21 18:25:36', 'superuser', '2019-12-21 18:25:36', 'superuser'),
	(27435, 1, 75, 3, NULL, NULL, '2019-12-21 18:25:36', 'superuser', '2019-12-21 18:25:36', 'superuser'),
	(27436, 1, 75, 4, NULL, NULL, '2019-12-21 18:25:36', 'superuser', '2019-12-21 18:25:36', 'superuser'),
	(27437, 1, 75, 5, NULL, NULL, '2019-12-21 18:25:36', 'superuser', '2019-12-21 18:25:36', 'superuser'),
	(27438, 1, 75, 6, NULL, NULL, '2019-12-21 18:25:36', 'superuser', '2019-12-21 18:25:36', 'superuser'),
	(27439, 1, 75, 7, NULL, NULL, '2019-12-21 18:25:36', 'superuser', '2019-12-21 18:25:36', 'superuser'),
	(27440, 1, 75, 8, NULL, NULL, '2019-12-21 18:25:36', 'superuser', '2019-12-21 18:25:36', 'superuser'),
	(27441, 1, 75, 9, NULL, NULL, '2019-12-21 18:25:36', 'superuser', '2019-12-21 18:25:36', 'superuser'),
	(27442, 1, 75, 10, NULL, NULL, '2019-12-21 18:25:36', 'superuser', '2019-12-21 18:25:36', 'superuser'),
	(27443, 1, 75, 11, NULL, NULL, '2019-12-21 18:25:36', 'superuser', '2019-12-21 18:25:36', 'superuser'),
	(27444, 1, 76, 1, NULL, NULL, '2019-12-21 18:25:36', 'superuser', '2019-12-21 18:25:36', 'superuser'),
	(27445, 1, 76, 2, NULL, NULL, '2019-12-21 18:25:36', 'superuser', '2019-12-21 18:25:36', 'superuser'),
	(27446, 1, 76, 3, NULL, NULL, '2019-12-21 18:25:36', 'superuser', '2019-12-21 18:25:36', 'superuser'),
	(27447, 1, 76, 4, NULL, NULL, '2019-12-21 18:25:36', 'superuser', '2019-12-21 18:25:36', 'superuser'),
	(27448, 1, 76, 5, NULL, NULL, '2019-12-21 18:25:36', 'superuser', '2019-12-21 18:25:36', 'superuser'),
	(27449, 1, 76, 6, NULL, NULL, '2019-12-21 18:25:36', 'superuser', '2019-12-21 18:25:36', 'superuser'),
	(27450, 1, 76, 7, NULL, NULL, '2019-12-21 18:25:36', 'superuser', '2019-12-21 18:25:36', 'superuser'),
	(27451, 1, 76, 8, NULL, NULL, '2019-12-21 18:25:36', 'superuser', '2019-12-21 18:25:36', 'superuser'),
	(27452, 1, 76, 9, NULL, NULL, '2019-12-21 18:25:36', 'superuser', '2019-12-21 18:25:36', 'superuser'),
	(27453, 1, 76, 10, NULL, NULL, '2019-12-21 18:25:36', 'superuser', '2019-12-21 18:25:36', 'superuser'),
	(27454, 1, 76, 11, NULL, NULL, '2019-12-21 18:25:36', 'superuser', '2019-12-21 18:25:36', 'superuser'),
	(27455, 1, 77, 1, NULL, NULL, '2019-12-21 18:25:36', 'superuser', '2019-12-21 18:25:36', 'superuser'),
	(27456, 1, 77, 2, NULL, NULL, '2019-12-21 18:25:36', 'superuser', '2019-12-21 18:25:36', 'superuser'),
	(27457, 1, 77, 3, NULL, NULL, '2019-12-21 18:25:36', 'superuser', '2019-12-21 18:25:36', 'superuser'),
	(27458, 1, 77, 4, NULL, NULL, '2019-12-21 18:25:36', 'superuser', '2019-12-21 18:25:36', 'superuser'),
	(27459, 1, 77, 5, NULL, NULL, '2019-12-21 18:25:36', 'superuser', '2019-12-21 18:25:36', 'superuser'),
	(27460, 1, 77, 6, NULL, NULL, '2019-12-21 18:25:36', 'superuser', '2019-12-21 18:25:36', 'superuser'),
	(27461, 1, 77, 7, NULL, NULL, '2019-12-21 18:25:36', 'superuser', '2019-12-21 18:25:36', 'superuser'),
	(27462, 1, 77, 8, NULL, NULL, '2019-12-21 18:25:36', 'superuser', '2019-12-21 18:25:36', 'superuser'),
	(27463, 1, 77, 9, NULL, NULL, '2019-12-21 18:25:36', 'superuser', '2019-12-21 18:25:36', 'superuser'),
	(27464, 1, 77, 10, NULL, NULL, '2019-12-21 18:25:36', 'superuser', '2019-12-21 18:25:36', 'superuser'),
	(27465, 1, 77, 11, NULL, NULL, '2019-12-21 18:25:36', 'superuser', '2019-12-21 18:25:36', 'superuser'),
	(27466, 1, 78, 1, NULL, NULL, '2019-12-21 18:25:36', 'superuser', '2019-12-21 18:25:36', 'superuser'),
	(27467, 1, 78, 2, NULL, NULL, '2019-12-21 18:25:36', 'superuser', '2019-12-21 18:25:36', 'superuser'),
	(27468, 1, 78, 3, NULL, NULL, '2019-12-21 18:25:36', 'superuser', '2019-12-21 18:25:36', 'superuser'),
	(27469, 1, 78, 4, NULL, NULL, '2019-12-21 18:25:36', 'superuser', '2019-12-21 18:25:36', 'superuser'),
	(27470, 1, 78, 5, NULL, NULL, '2019-12-21 18:25:36', 'superuser', '2019-12-21 18:25:36', 'superuser'),
	(27471, 1, 78, 6, NULL, NULL, '2019-12-21 18:25:36', 'superuser', '2019-12-21 18:25:36', 'superuser'),
	(27472, 1, 78, 7, NULL, NULL, '2019-12-21 18:25:36', 'superuser', '2019-12-21 18:25:36', 'superuser'),
	(27473, 1, 78, 8, NULL, NULL, '2019-12-21 18:25:36', 'superuser', '2019-12-21 18:25:36', 'superuser'),
	(27474, 1, 78, 9, NULL, NULL, '2019-12-21 18:25:36', 'superuser', '2019-12-21 18:25:36', 'superuser'),
	(27475, 1, 78, 10, NULL, NULL, '2019-12-21 18:25:36', 'superuser', '2019-12-21 18:25:36', 'superuser'),
	(27476, 1, 78, 11, NULL, NULL, '2019-12-21 18:25:36', 'superuser', '2019-12-21 18:25:36', 'superuser'),
	(27477, 1, 79, 1, NULL, NULL, '2019-12-21 18:25:36', 'superuser', '2019-12-21 18:25:36', 'superuser'),
	(27478, 1, 79, 2, NULL, NULL, '2019-12-21 18:25:36', 'superuser', '2019-12-21 18:25:36', 'superuser'),
	(27479, 1, 79, 3, NULL, NULL, '2019-12-21 18:25:36', 'superuser', '2019-12-21 18:25:36', 'superuser'),
	(27480, 1, 79, 4, NULL, NULL, '2019-12-21 18:25:36', 'superuser', '2019-12-21 18:25:36', 'superuser'),
	(27481, 1, 79, 5, NULL, NULL, '2019-12-21 18:25:36', 'superuser', '2019-12-21 18:25:36', 'superuser'),
	(27482, 1, 79, 6, NULL, NULL, '2019-12-21 18:25:36', 'superuser', '2019-12-21 18:25:36', 'superuser'),
	(27483, 1, 79, 7, NULL, NULL, '2019-12-21 18:25:36', 'superuser', '2019-12-21 18:25:36', 'superuser'),
	(27484, 1, 79, 8, NULL, NULL, '2019-12-21 18:25:36', 'superuser', '2019-12-21 18:25:36', 'superuser'),
	(27485, 1, 79, 9, NULL, NULL, '2019-12-21 18:25:36', 'superuser', '2019-12-21 18:25:36', 'superuser'),
	(27486, 1, 79, 10, NULL, NULL, '2019-12-21 18:25:36', 'superuser', '2019-12-21 18:25:36', 'superuser'),
	(27487, 1, 79, 11, NULL, NULL, '2019-12-21 18:25:36', 'superuser', '2019-12-21 18:25:36', 'superuser'),
	(27488, 1, 80, 1, NULL, NULL, '2019-12-21 18:25:36', 'superuser', '2019-12-21 18:25:36', 'superuser'),
	(27489, 1, 80, 2, NULL, NULL, '2019-12-21 18:25:36', 'superuser', '2019-12-21 18:25:36', 'superuser'),
	(27490, 1, 80, 3, NULL, NULL, '2019-12-21 18:25:36', 'superuser', '2019-12-21 18:25:36', 'superuser'),
	(27491, 1, 80, 4, NULL, NULL, '2019-12-21 18:25:36', 'superuser', '2019-12-21 18:25:36', 'superuser'),
	(27492, 1, 80, 5, NULL, NULL, '2019-12-21 18:25:36', 'superuser', '2019-12-21 18:25:36', 'superuser'),
	(27493, 1, 80, 6, NULL, NULL, '2019-12-21 18:25:36', 'superuser', '2019-12-21 18:25:36', 'superuser'),
	(27494, 1, 80, 7, NULL, NULL, '2019-12-21 18:25:36', 'superuser', '2019-12-21 18:25:36', 'superuser'),
	(27495, 1, 80, 8, NULL, NULL, '2019-12-21 18:25:36', 'superuser', '2019-12-21 18:25:36', 'superuser'),
	(27496, 1, 80, 9, NULL, NULL, '2019-12-21 18:25:36', 'superuser', '2019-12-21 18:25:36', 'superuser'),
	(27497, 1, 80, 10, NULL, NULL, '2019-12-21 18:25:36', 'superuser', '2019-12-21 18:25:36', 'superuser'),
	(27498, 1, 80, 11, NULL, NULL, '2019-12-21 18:25:36', 'superuser', '2019-12-21 18:25:36', 'superuser'),
	(27499, 1, 81, 1, NULL, NULL, '2019-12-21 18:25:36', 'superuser', '2019-12-21 18:25:36', 'superuser'),
	(27500, 1, 81, 2, NULL, NULL, '2019-12-21 18:25:36', 'superuser', '2019-12-21 18:25:36', 'superuser'),
	(27501, 1, 81, 3, NULL, NULL, '2019-12-21 18:25:36', 'superuser', '2019-12-21 18:25:36', 'superuser'),
	(27502, 1, 81, 4, NULL, NULL, '2019-12-21 18:25:36', 'superuser', '2019-12-21 18:25:36', 'superuser'),
	(27503, 1, 81, 5, NULL, NULL, '2019-12-21 18:25:36', 'superuser', '2019-12-21 18:25:36', 'superuser'),
	(27504, 1, 81, 6, NULL, NULL, '2019-12-21 18:25:37', 'superuser', '2019-12-21 18:25:37', 'superuser'),
	(27505, 1, 81, 7, NULL, NULL, '2019-12-21 18:25:37', 'superuser', '2019-12-21 18:25:37', 'superuser'),
	(27506, 1, 81, 8, NULL, NULL, '2019-12-21 18:25:37', 'superuser', '2019-12-21 18:25:37', 'superuser'),
	(27507, 1, 81, 9, NULL, NULL, '2019-12-21 18:25:37', 'superuser', '2019-12-21 18:25:37', 'superuser'),
	(27508, 1, 81, 10, NULL, NULL, '2019-12-21 18:25:37', 'superuser', '2019-12-21 18:25:37', 'superuser'),
	(27509, 1, 81, 11, NULL, NULL, '2019-12-21 18:25:37', 'superuser', '2019-12-21 18:25:37', 'superuser'),
	(27510, 1, 82, 1, NULL, NULL, '2019-12-21 18:25:37', 'superuser', '2019-12-21 18:25:37', 'superuser'),
	(27511, 1, 82, 2, NULL, NULL, '2019-12-21 18:25:37', 'superuser', '2019-12-21 18:25:37', 'superuser'),
	(27512, 1, 82, 3, NULL, NULL, '2019-12-21 18:25:37', 'superuser', '2019-12-21 18:25:37', 'superuser'),
	(27513, 1, 82, 4, NULL, NULL, '2019-12-21 18:25:37', 'superuser', '2019-12-21 18:25:37', 'superuser'),
	(27514, 1, 82, 5, NULL, NULL, '2019-12-21 18:25:37', 'superuser', '2019-12-21 18:25:37', 'superuser'),
	(27515, 1, 82, 6, NULL, NULL, '2019-12-21 18:25:37', 'superuser', '2019-12-21 18:25:37', 'superuser'),
	(27516, 1, 82, 7, NULL, NULL, '2019-12-21 18:25:37', 'superuser', '2019-12-21 18:25:37', 'superuser'),
	(27517, 1, 82, 8, NULL, NULL, '2019-12-21 18:25:37', 'superuser', '2019-12-21 18:25:37', 'superuser'),
	(27518, 1, 82, 9, NULL, NULL, '2019-12-21 18:25:37', 'superuser', '2019-12-21 18:25:37', 'superuser'),
	(27519, 1, 82, 10, NULL, NULL, '2019-12-21 18:25:37', 'superuser', '2019-12-21 18:25:37', 'superuser'),
	(27520, 1, 82, 11, NULL, NULL, '2019-12-21 18:25:37', 'superuser', '2019-12-21 18:25:37', 'superuser'),
	(27521, 1, 83, 1, NULL, NULL, '2019-12-21 18:25:37', 'superuser', '2019-12-21 18:25:37', 'superuser'),
	(27522, 1, 83, 2, NULL, NULL, '2019-12-21 18:25:37', 'superuser', '2019-12-21 18:25:37', 'superuser'),
	(27523, 1, 83, 3, NULL, NULL, '2019-12-21 18:25:37', 'superuser', '2019-12-21 18:25:37', 'superuser'),
	(27524, 1, 83, 4, NULL, NULL, '2019-12-21 18:25:37', 'superuser', '2019-12-21 18:25:37', 'superuser'),
	(27525, 1, 83, 5, NULL, NULL, '2019-12-21 18:25:37', 'superuser', '2019-12-21 18:25:37', 'superuser'),
	(27526, 1, 83, 6, NULL, NULL, '2019-12-21 18:25:37', 'superuser', '2019-12-21 18:25:37', 'superuser'),
	(27527, 1, 83, 7, NULL, NULL, '2019-12-21 18:25:37', 'superuser', '2019-12-21 18:25:37', 'superuser'),
	(27528, 1, 83, 8, NULL, NULL, '2019-12-21 18:25:37', 'superuser', '2019-12-21 18:25:37', 'superuser'),
	(27529, 1, 83, 9, NULL, NULL, '2019-12-21 18:25:37', 'superuser', '2019-12-21 18:25:37', 'superuser'),
	(27530, 1, 83, 10, NULL, NULL, '2019-12-21 18:25:37', 'superuser', '2019-12-21 18:25:37', 'superuser'),
	(27531, 1, 83, 11, NULL, NULL, '2019-12-21 18:25:37', 'superuser', '2019-12-21 18:25:37', 'superuser'),
	(27532, 1, 85, 1, NULL, NULL, '2019-12-21 18:25:37', 'superuser', '2019-12-21 18:25:37', 'superuser'),
	(27533, 1, 85, 2, NULL, NULL, '2019-12-21 18:25:37', 'superuser', '2019-12-21 18:25:37', 'superuser'),
	(27534, 1, 85, 3, NULL, NULL, '2019-12-21 18:25:37', 'superuser', '2019-12-21 18:25:37', 'superuser'),
	(27535, 1, 85, 4, NULL, NULL, '2019-12-21 18:25:37', 'superuser', '2019-12-21 18:25:37', 'superuser'),
	(27536, 1, 85, 5, NULL, NULL, '2019-12-21 18:25:37', 'superuser', '2019-12-21 18:25:37', 'superuser'),
	(27537, 1, 85, 6, NULL, NULL, '2019-12-21 18:25:37', 'superuser', '2019-12-21 18:25:37', 'superuser'),
	(27538, 1, 85, 7, NULL, NULL, '2019-12-21 18:25:37', 'superuser', '2019-12-21 18:25:37', 'superuser'),
	(27539, 1, 85, 8, NULL, NULL, '2019-12-21 18:25:37', 'superuser', '2019-12-21 18:25:37', 'superuser'),
	(27540, 1, 85, 9, NULL, NULL, '2019-12-21 18:25:37', 'superuser', '2019-12-21 18:25:37', 'superuser'),
	(27541, 1, 85, 10, NULL, NULL, '2019-12-21 18:25:37', 'superuser', '2019-12-21 18:25:37', 'superuser'),
	(27542, 1, 85, 11, NULL, NULL, '2019-12-21 18:25:37', 'superuser', '2019-12-21 18:25:37', 'superuser'),
	(27543, 1, 86, 1, NULL, NULL, '2019-12-21 18:25:37', 'superuser', '2019-12-21 18:25:37', 'superuser'),
	(27544, 1, 86, 2, NULL, NULL, '2019-12-21 18:25:37', 'superuser', '2019-12-21 18:25:37', 'superuser'),
	(27545, 1, 86, 3, NULL, NULL, '2019-12-21 18:25:37', 'superuser', '2019-12-21 18:25:37', 'superuser'),
	(27546, 1, 86, 4, NULL, NULL, '2019-12-21 18:25:37', 'superuser', '2019-12-21 18:25:37', 'superuser'),
	(27547, 1, 86, 5, NULL, NULL, '2019-12-21 18:25:37', 'superuser', '2019-12-21 18:25:37', 'superuser'),
	(27548, 1, 86, 6, NULL, NULL, '2019-12-21 18:25:37', 'superuser', '2019-12-21 18:25:37', 'superuser'),
	(27549, 1, 86, 7, NULL, NULL, '2019-12-21 18:25:37', 'superuser', '2019-12-21 18:25:37', 'superuser'),
	(27550, 1, 86, 8, NULL, NULL, '2019-12-21 18:25:37', 'superuser', '2019-12-21 18:25:37', 'superuser'),
	(27551, 1, 86, 9, NULL, NULL, '2019-12-21 18:25:37', 'superuser', '2019-12-21 18:25:37', 'superuser'),
	(27552, 1, 86, 10, NULL, NULL, '2019-12-21 18:25:37', 'superuser', '2019-12-21 18:25:37', 'superuser'),
	(27553, 1, 86, 11, NULL, NULL, '2019-12-21 18:25:37', 'superuser', '2019-12-21 18:25:37', 'superuser'),
	(27554, 1, 87, 1, NULL, NULL, '2019-12-21 18:25:37', 'superuser', '2019-12-21 18:25:37', 'superuser'),
	(27555, 1, 87, 2, NULL, NULL, '2019-12-21 18:25:37', 'superuser', '2019-12-21 18:25:37', 'superuser'),
	(27556, 1, 87, 3, NULL, NULL, '2019-12-21 18:25:37', 'superuser', '2019-12-21 18:25:37', 'superuser'),
	(27557, 1, 87, 4, NULL, NULL, '2019-12-21 18:25:37', 'superuser', '2019-12-21 18:25:37', 'superuser'),
	(27558, 1, 87, 5, NULL, NULL, '2019-12-21 18:25:37', 'superuser', '2019-12-21 18:25:37', 'superuser'),
	(27559, 1, 87, 6, NULL, NULL, '2019-12-21 18:25:37', 'superuser', '2019-12-21 18:25:37', 'superuser'),
	(27560, 1, 87, 7, NULL, NULL, '2019-12-21 18:25:37', 'superuser', '2019-12-21 18:25:37', 'superuser'),
	(27561, 1, 87, 8, NULL, NULL, '2019-12-21 18:25:37', 'superuser', '2019-12-21 18:25:37', 'superuser'),
	(27562, 1, 87, 9, NULL, NULL, '2019-12-21 18:25:37', 'superuser', '2019-12-21 18:25:37', 'superuser'),
	(27563, 1, 87, 10, NULL, NULL, '2019-12-21 18:25:37', 'superuser', '2019-12-21 18:25:37', 'superuser'),
	(27564, 1, 87, 11, NULL, NULL, '2019-12-21 18:25:37', 'superuser', '2019-12-21 18:25:37', 'superuser'),
	(27565, 1, 88, 1, NULL, NULL, '2019-12-21 18:25:37', 'superuser', '2019-12-21 18:25:37', 'superuser'),
	(27566, 1, 88, 2, NULL, NULL, '2019-12-21 18:25:37', 'superuser', '2019-12-21 18:25:37', 'superuser'),
	(27567, 1, 88, 3, NULL, NULL, '2019-12-21 18:25:37', 'superuser', '2019-12-21 18:25:37', 'superuser'),
	(27568, 1, 88, 4, NULL, NULL, '2019-12-21 18:25:37', 'superuser', '2019-12-21 18:25:37', 'superuser'),
	(27569, 1, 88, 5, NULL, NULL, '2019-12-21 18:25:37', 'superuser', '2019-12-21 18:25:37', 'superuser'),
	(27570, 1, 88, 6, NULL, NULL, '2019-12-21 18:25:37', 'superuser', '2019-12-21 18:25:37', 'superuser'),
	(27571, 1, 88, 7, NULL, NULL, '2019-12-21 18:25:37', 'superuser', '2019-12-21 18:25:37', 'superuser'),
	(27572, 1, 88, 8, NULL, NULL, '2019-12-21 18:25:37', 'superuser', '2019-12-21 18:25:37', 'superuser'),
	(27573, 1, 88, 9, NULL, NULL, '2019-12-21 18:25:37', 'superuser', '2019-12-21 18:25:37', 'superuser'),
	(27574, 1, 88, 10, NULL, NULL, '2019-12-21 18:25:37', 'superuser', '2019-12-21 18:25:37', 'superuser'),
	(27575, 1, 88, 11, NULL, NULL, '2019-12-21 18:25:37', 'superuser', '2019-12-21 18:25:37', 'superuser'),
	(27576, 1, 89, 1, NULL, NULL, '2019-12-21 18:25:37', 'superuser', '2019-12-21 18:25:37', 'superuser'),
	(27577, 1, 89, 2, NULL, NULL, '2019-12-21 18:25:37', 'superuser', '2019-12-21 18:25:37', 'superuser'),
	(27578, 1, 89, 3, NULL, NULL, '2019-12-21 18:25:37', 'superuser', '2019-12-21 18:25:37', 'superuser'),
	(27579, 1, 89, 4, NULL, NULL, '2019-12-21 18:25:37', 'superuser', '2019-12-21 18:25:37', 'superuser'),
	(27580, 1, 89, 5, NULL, NULL, '2019-12-21 18:25:37', 'superuser', '2019-12-21 18:25:37', 'superuser'),
	(27581, 1, 89, 6, NULL, NULL, '2019-12-21 18:25:37', 'superuser', '2019-12-21 18:25:37', 'superuser'),
	(27582, 1, 89, 7, NULL, NULL, '2019-12-21 18:25:37', 'superuser', '2019-12-21 18:25:37', 'superuser'),
	(27583, 1, 89, 8, NULL, NULL, '2019-12-21 18:25:37', 'superuser', '2019-12-21 18:25:37', 'superuser'),
	(27584, 1, 89, 9, NULL, NULL, '2019-12-21 18:25:37', 'superuser', '2019-12-21 18:25:37', 'superuser'),
	(27585, 1, 89, 10, NULL, NULL, '2019-12-21 18:25:37', 'superuser', '2019-12-21 18:25:37', 'superuser'),
	(27586, 1, 89, 11, NULL, NULL, '2019-12-21 18:25:37', 'superuser', '2019-12-21 18:25:37', 'superuser'),
	(27587, 1, 90, 1, NULL, NULL, '2019-12-21 18:25:37', 'superuser', '2019-12-21 18:25:37', 'superuser'),
	(27588, 1, 90, 2, NULL, NULL, '2019-12-21 18:25:37', 'superuser', '2019-12-21 18:25:37', 'superuser'),
	(27589, 1, 90, 3, NULL, NULL, '2019-12-21 18:25:37', 'superuser', '2019-12-21 18:25:37', 'superuser'),
	(27590, 1, 90, 4, NULL, NULL, '2019-12-21 18:25:37', 'superuser', '2019-12-21 18:25:37', 'superuser'),
	(27591, 1, 90, 5, NULL, NULL, '2019-12-21 18:25:37', 'superuser', '2019-12-21 18:25:37', 'superuser'),
	(27592, 1, 90, 6, NULL, NULL, '2019-12-21 18:25:37', 'superuser', '2019-12-21 18:25:37', 'superuser'),
	(27593, 1, 90, 7, NULL, NULL, '2019-12-21 18:25:37', 'superuser', '2019-12-21 18:25:37', 'superuser'),
	(27594, 1, 90, 8, NULL, NULL, '2019-12-21 18:25:37', 'superuser', '2019-12-21 18:25:37', 'superuser'),
	(27595, 1, 90, 9, NULL, NULL, '2019-12-21 18:25:37', 'superuser', '2019-12-21 18:25:37', 'superuser'),
	(27596, 1, 90, 10, NULL, NULL, '2019-12-21 18:25:37', 'superuser', '2019-12-21 18:25:37', 'superuser'),
	(27597, 1, 90, 11, NULL, NULL, '2019-12-21 18:25:37', 'superuser', '2019-12-21 18:25:37', 'superuser');
/*!40000 ALTER TABLE `users_privileges` ENABLE KEYS */;

-- Dumping structure for table axshhxmd_vms.visitor
CREATE TABLE IF NOT EXISTS `visitor` (
  `id` int(11) NOT NULL AUTO_INCREMENT,
  `vid` varchar(50) DEFAULT '0',
  `name` varchar(50) DEFAULT NULL,
  `gmbr` varchar(255) DEFAULT NULL,
  `address` text DEFAULT NULL,
  `mobile` varchar(50) DEFAULT NULL,
  `company` varchar(50) DEFAULT NULL,
  `card_id` varchar(50) DEFAULT '0',
  `blok` bit(1) NOT NULL DEFAULT b'0',
  `blok_at` datetime DEFAULT NULL,
  `blok_by` varchar(50) DEFAULT NULL,
  `visitor_pre_id` int(11) NOT NULL DEFAULT 0,
  `created_at` datetime DEFAULT NULL,
  `updated_at` datetime DEFAULT NULL,
  `deleted_at` datetime DEFAULT NULL,
  `created_by` varchar(50) DEFAULT '0',
  `update_by` varchar(50) DEFAULT '0',
  `deleted_by` varchar(50) DEFAULT '0',
  PRIMARY KEY (`id`)
) ENGINE=InnoDB AUTO_INCREMENT=7 DEFAULT CHARSET=utf8mb4;

-- Dumping data for table axshhxmd_vms.visitor: ~4 rows (approximately)
DELETE FROM `visitor`;
/*!40000 ALTER TABLE `visitor` DISABLE KEYS */;
INSERT INTO `visitor` (`id`, `vid`, `name`, `gmbr`, `address`, `mobile`, `company`, `card_id`, `blok`, `blok_at`, `blok_by`, `visitor_pre_id`, `created_at`, `updated_at`, `deleted_at`, `created_by`, `update_by`, `deleted_by`) VALUES
	(1, 'test1', 'test1', NULL, 'test1', 'test1', 'test1', '', b'0', NULL, NULL, 0, '2020-05-13 21:42:45', '2020-05-14 00:53:03', NULL, '0', '0', '0'),
	(2, 'test2', 'test2', NULL, 'test2', 'test2', 'test2', '', b'0', NULL, NULL, 0, '2020-05-13 21:43:29', '2020-05-13 23:05:48', NULL, '0', '0', '0'),
	(3, 'test3', 'test3', NULL, 'test3', 'test3', 'test3', '0004311112', b'0', NULL, NULL, 0, '2020-05-13 22:13:29', '2020-05-14 00:59:24', NULL, '0', '0', '0'),
	(4, '123', '123', NULL, '123', '123', '123', '', b'0', NULL, NULL, 0, '2020-05-14 00:36:16', '2020-05-14 00:59:12', NULL, '0', '0', '0'),
	(5, 'asd', 'asd', NULL, 'asd', 'asd', 'asd', 'asd', b'0', NULL, NULL, 0, '2020-05-14 02:11:48', '2020-05-14 02:11:48', NULL, '0', '0', '0'),
	(6, '321', '321', NULL, '321', '321', '321', '123', b'0', NULL, NULL, 0, '2020-05-14 02:13:06', '2020-05-14 02:13:06', NULL, '0', '0', '0');
/*!40000 ALTER TABLE `visitor` ENABLE KEYS */;

-- Dumping structure for table axshhxmd_vms.visitor_activity
CREATE TABLE IF NOT EXISTS `visitor_activity` (
  `id` int(11) NOT NULL AUTO_INCREMENT,
  `visitor_id` int(11) NOT NULL DEFAULT 0,
  `card_id` varchar(50) NOT NULL DEFAULT '0',
  `cek_in` datetime DEFAULT NULL,
  `cek_out` datetime DEFAULT NULL,
  `period_from` date DEFAULT NULL,
  `period_to` date DEFAULT NULL,
  `hour_from` time DEFAULT NULL,
  `hour_to` time DEFAULT NULL,
  `pic` varchar(50) DEFAULT NULL,
  `floor` varchar(50) DEFAULT NULL,
  `purpose` varchar(50) DEFAULT NULL,
  `created_at` datetime DEFAULT NULL,
  `created_by` int(11) NOT NULL DEFAULT 0,
  `updated_at` datetime DEFAULT NULL,
  `updated_by` int(11) NOT NULL DEFAULT 0,
  `deleted_at` datetime DEFAULT NULL,
  `deleted_by` int(11) NOT NULL DEFAULT 0,
  PRIMARY KEY (`id`)
) ENGINE=InnoDB AUTO_INCREMENT=32 DEFAULT CHARSET=utf8mb4;

-- Dumping data for table axshhxmd_vms.visitor_activity: ~29 rows (approximately)
DELETE FROM `visitor_activity`;
/*!40000 ALTER TABLE `visitor_activity` DISABLE KEYS */;
INSERT INTO `visitor_activity` (`id`, `visitor_id`, `card_id`, `cek_in`, `cek_out`, `period_from`, `period_to`, `hour_from`, `hour_to`, `pic`, `floor`, `purpose`, `created_at`, `created_by`, `updated_at`, `updated_by`, `deleted_at`, `deleted_by`) VALUES
	(31, 6, '123', '2020-05-14 02:13:06', NULL, NULL, NULL, NULL, NULL, '123', '12', '123', '2020-05-14 02:13:06', 0, '2020-05-14 02:13:06', 0, NULL, 0);
/*!40000 ALTER TABLE `visitor_activity` ENABLE KEYS */;

-- Dumping structure for table axshhxmd_vms.visitor_fc
CREATE TABLE IF NOT EXISTS `visitor_fc` (
  `id` int(11) NOT NULL AUTO_INCREMENT,
  `visitor_id` int(11) NOT NULL DEFAULT 0,
  `file_name` varchar(50) NOT NULL DEFAULT '0',
  `created_at` datetime DEFAULT NULL,
  `updated_at` datetime DEFAULT NULL,
  `deleted_at` datetime DEFAULT NULL,
  PRIMARY KEY (`id`)
) ENGINE=InnoDB DEFAULT CHARSET=utf8mb4;

-- Dumping data for table axshhxmd_vms.visitor_fc: ~0 rows (approximately)
DELETE FROM `visitor_fc`;
/*!40000 ALTER TABLE `visitor_fc` DISABLE KEYS */;
/*!40000 ALTER TABLE `visitor_fc` ENABLE KEYS */;

-- Dumping structure for table axshhxmd_vms.visitor_pre
CREATE TABLE IF NOT EXISTS `visitor_pre` (
  `id` int(11) NOT NULL AUTO_INCREMENT,
  `vid` varchar(50) DEFAULT '0',
  `name` varchar(50) DEFAULT NULL,
  `address` text DEFAULT NULL,
  `mobile` varchar(50) DEFAULT NULL,
  `company` varchar(50) DEFAULT NULL,
  `pic` varchar(50) DEFAULT NULL,
  `purpose` varchar(50) DEFAULT NULL,
  `floor` varchar(50) DEFAULT NULL,
  `period_from` varchar(50) DEFAULT NULL,
  `period_to` varchar(50) DEFAULT NULL,
  `status` varchar(50) DEFAULT NULL,
  `created_at` datetime DEFAULT NULL,
  `updated_at` datetime DEFAULT NULL,
  `deleted_at` datetime DEFAULT NULL,
  `created_by` varchar(50) DEFAULT '0',
  `update_by` varchar(50) DEFAULT '0',
  `deleted_by` varchar(50) DEFAULT '0',
  `app_at` datetime DEFAULT NULL,
  `app_by` varchar(50) DEFAULT '0',
  PRIMARY KEY (`id`)
) ENGINE=InnoDB DEFAULT CHARSET=utf8mb4;

-- Dumping data for table axshhxmd_vms.visitor_pre: ~0 rows (approximately)
DELETE FROM `visitor_pre`;
/*!40000 ALTER TABLE `visitor_pre` DISABLE KEYS */;
/*!40000 ALTER TABLE `visitor_pre` ENABLE KEYS */;

-- Dumping structure for table axshhxmd_vms.well_analysis_coring_type
CREATE TABLE IF NOT EXISTS `well_analysis_coring_type` (
  `id` int(11) NOT NULL AUTO_INCREMENT,
  `name` varchar(50) DEFAULT NULL,
  `deleted_at` datetime DEFAULT NULL,
  `deleted_by` varchar(100) DEFAULT NULL COMMENT 'username',
  `created_at` datetime DEFAULT NULL,
  `created_by` varchar(100) DEFAULT NULL COMMENT 'username',
  `updated_at` datetime DEFAULT NULL,
  `updated_by` varchar(100) DEFAULT NULL COMMENT 'username',
  PRIMARY KEY (`id`)
) ENGINE=InnoDB AUTO_INCREMENT=7 DEFAULT CHARSET=latin1 ROW_FORMAT=DYNAMIC;

-- Dumping data for table axshhxmd_vms.well_analysis_coring_type: ~0 rows (approximately)
DELETE FROM `well_analysis_coring_type`;
/*!40000 ALTER TABLE `well_analysis_coring_type` DISABLE KEYS */;
/*!40000 ALTER TABLE `well_analysis_coring_type` ENABLE KEYS */;

-- Dumping structure for table axshhxmd_vms.well_analysis_cutting_type
CREATE TABLE IF NOT EXISTS `well_analysis_cutting_type` (
  `id` int(11) NOT NULL AUTO_INCREMENT,
  `name` varchar(50) DEFAULT NULL,
  `deleted_at` datetime DEFAULT NULL,
  `deleted_by` varchar(100) DEFAULT NULL COMMENT 'username',
  `created_at` datetime DEFAULT NULL,
  `created_by` varchar(100) DEFAULT NULL COMMENT 'username',
  `updated_at` datetime DEFAULT NULL,
  `updated_by` varchar(100) DEFAULT NULL COMMENT 'username',
  PRIMARY KEY (`id`)
) ENGINE=InnoDB AUTO_INCREMENT=5 DEFAULT CHARSET=latin1 ROW_FORMAT=DYNAMIC;

-- Dumping data for table axshhxmd_vms.well_analysis_cutting_type: ~0 rows (approximately)
DELETE FROM `well_analysis_cutting_type`;
/*!40000 ALTER TABLE `well_analysis_cutting_type` DISABLE KEYS */;
/*!40000 ALTER TABLE `well_analysis_cutting_type` ENABLE KEYS */;

-- Dumping structure for table axshhxmd_vms.well_analysis_logging_type
CREATE TABLE IF NOT EXISTS `well_analysis_logging_type` (
  `id` int(11) NOT NULL AUTO_INCREMENT,
  `name` varchar(50) DEFAULT NULL,
  `deleted_at` datetime DEFAULT NULL,
  `deleted_by` varchar(100) DEFAULT NULL COMMENT 'username',
  `created_at` datetime DEFAULT NULL,
  `created_by` varchar(100) DEFAULT NULL COMMENT 'username',
  `updated_at` datetime DEFAULT NULL,
  `updated_by` varchar(100) DEFAULT NULL COMMENT 'username',
  PRIMARY KEY (`id`)
) ENGINE=InnoDB AUTO_INCREMENT=5 DEFAULT CHARSET=latin1 ROW_FORMAT=DYNAMIC;

-- Dumping data for table axshhxmd_vms.well_analysis_logging_type: ~0 rows (approximately)
DELETE FROM `well_analysis_logging_type`;
/*!40000 ALTER TABLE `well_analysis_logging_type` DISABLE KEYS */;
/*!40000 ALTER TABLE `well_analysis_logging_type` ENABLE KEYS */;

/*!40101 SET SQL_MODE=IFNULL(@OLD_SQL_MODE, '') */;
/*!40014 SET FOREIGN_KEY_CHECKS=IF(@OLD_FOREIGN_KEY_CHECKS IS NULL, 1, @OLD_FOREIGN_KEY_CHECKS) */;
/*!40101 SET CHARACTER_SET_CLIENT=@OLD_CHARACTER_SET_CLIENT */;
